Kernel Name,Total Execution Time (ms),Execution Count,Percentage of Total,Average Time per Execution (ms),Min Time (ms),Max Time (ms),Std Dev (ms),Models
MatMul,10593.999,6,41.8%,1765.667,433.858,3552.497,N/A,"bert_Opset17(webgl), gpt2lmhead_Opset18(webgl), vit_large_patch16_224_in21k_Opset18(webgl)"
LayerNormalization,4283.071,6,16.9%,713.845,236.950,1420.999,N/A,"bert_Opset17(webgl), gpt2lmhead_Opset18(webgl), vit_large_patch16_224_in21k_Opset18(webgl)"
Conv2D,3489.490,12,13.8%,290.791,29.110,1065.749,N/A,"mobilenetv2-1.0-224(webgl), resnet50-v2(webgl), vit_large_patch16_224_in21k_Opset18(webgl), alexnet_Opset16(webgl)"
KernelCompilation,2846.262,10,11.2%,284.626,0.304,1170.224,N/A,"gpt2lmhead_Opset18(webgl), alexnet_Opset16(webgl), resnet50-v2(webgl), mobilenetv2-1.0-224(webgl), vit_large_patch16_224_in21k_Opset18(webgl)"
Add,2062.273,6,8.1%,343.712,94.780,710.499,N/A,"bert_Opset17(webgl), gpt2lmhead_Opset18(webgl), vit_large_patch16_224_in21k_Opset18(webgl)"
Attention,872.612,3,3.4%,290.871,234.998,355.250,N/A,vit_large_patch16_224_in21k_Opset18(webgl)
SoftmaxWithLog,553.793,3,2.2%,184.598,162.697,213.384,N/A,"bert_Opset17(webgl), gpt2lmhead_Opset18(webgl)"
BiasAdd,174.507,6,0.7%,29.084,6.718,59.590,N/A,"mobilenetv2-1.0-224(webgl), resnet50-v2(webgl)"
Reshape,160.611,3,0.6%,53.537,23.695,108.464,N/A,"bert_Opset17(webgl), gpt2lmhead_Opset18(webgl)"
Relu,154.824,9,0.6%,17.203,4.478,39.726,N/A,"mobilenetv2-1.0-224(webgl), resnet50-v2(webgl), alexnet_Opset16(webgl)"
MaxPool,87.033,9,0.3%,9.670,2.239,19.863,N/A,"mobilenetv2-1.0-224(webgl), resnet50-v2(webgl), alexnet_Opset16(webgl)"
GlobalAveragePool,58.169,6,0.2%,9.695,2.239,19.863,N/A,"mobilenetv2-1.0-224(webgl), resnet50-v2(webgl)"
KernelLaunch,5.994,15,0.0%,0.400,0.058,2.686,N/A,"gpt2lmhead_Opset18(webgl), alexnet_Opset16(webgl), bert_Opset17(webgl), resnet50-v2(webgl), mobilenetv2-1.0-224(webgl), vit_large_patch16_224_in21k_Opset18(webgl)"
Dropout,5.773,3,0.0%,1.924,1.682,2.295,N/A,alexnet_Opset16(webgl)
FullyConnected,3.849,3,0.0%,1.283,1.121,1.530,N/A,alexnet_Opset16(webgl)
