model,backend,p50,p99,tail_ratio,cov,n
adv_inception_v3_Opset17,wasm-1t,256.18250012397766,279.85590001821515,1.0924083412519627,0.03014220160675165,600
adv_inception_v3_Opset17,wasm-4t,88.07749998569489,108.23090001821518,1.2288143968186371,0.10396335622035245,600
adv_inception_v3_Opset17,wasm-8t,66.66500008106232,77.37644999980927,1.16067576547997,0.10550347825004468,600
adv_inception_v3_Opset17,webgl,69.75999999046326,70.88529999017716,1.0161310206403058,0.008093837978488859,600
adv_inception_v3_Opset17,webgpu,12.74500012397766,15.160100085735321,1.189493914340106,0.06370202862829061,600
adv_inception_v3_Opset17,webgpu-capture,11.980000019073486,14.11100013256073,1.1778798088559645,0.047109427681823114,600
adv_inception_v3_Opset17,webgpu-gpuio,12.375,14.349999907016754,1.159595952082162,0.04785081883301279,600
adv_inception_v3_Opset17,webgpu-native,15.0,16.98190001964569,1.1321266679763793,0.049512533854633986,600
alexnet_Opset16,wasm-1t,40.28250002861023,46.94135005712509,1.1653037925596843,0.051393695227511124,600
alexnet_Opset16,wasm-4t,14.225000023841858,20.780049970149992,1.4608119462440436,0.12260752212652498,600
alexnet_Opset16,wasm-8t,13.477499842643738,15.470200028419494,1.147853845968576,0.06742021102731734,600
alexnet_Opset16,webgl,8.609999895095825,9.450350048542022,1.0976016450272958,0.03609437213260749,600
alexnet_Opset16,webgpu,5.267499923706055,7.434999942779541,1.4114855340232257,0.1366114071169097,600
alexnet_Opset16,webgpu-capture,4.585000038146973,5.940299820899963,1.29559427949334,0.1295363704298119,600
alexnet_Opset16,webgpu-gpuio,5.0350000858306885,6.346250028610228,1.2604269951195455,0.11496712974393741,600
alexnet_Opset16,webgpu-native,5.872499942779541,7.385199990272522,1.2575904746245086,0.08332690240344379,600
bert_Opset17,wasm-1t,479.01749992370605,515.3052498412133,1.0757545390790249,0.025102584903635334,600
bert_Opset17,wasm-4t,154.19249987602234,184.36245014190672,1.195664187882954,0.08078480032782794,600
bert_Opset17,wasm-8t,116.0625,126.76049987792969,1.0921744739078487,0.08389548432978447,600
bert_Opset17,webgpu,31.045000076293945,36.665449962615966,1.1810420316479178,0.05332075756492549,600
bert_Opset17,webgpu-capture,29.95000004768372,32.61824977397919,1.0890901409698603,0.03203204919749362,600
bert_Opset17,webgpu-gpuio,30.264999985694885,33.19019981861114,1.096652893913725,0.03503649575606077,600
bert_Opset17,webgpu-native,14.365000009536743,17.761750113964073,1.236460153301237,0.11901892221773924,600
deeplabv3p-resnet50-human,wasm-1t,1946.1200000047684,2107.1626998496054,1.082750652500587,0.025981052226284447,600
deeplabv3p-resnet50-human,wasm-4t,570.5924999713898,648.6581999897957,1.1368151527093682,0.05372055786605736,600
deeplabv3p-resnet50-human,wasm-8t,375.7149999141693,453.9494999337196,1.2082283114526242,0.08622137456018623,600
deeplabv3p-resnet50-human,webgl,958.820000052452,1016.1767500925064,1.059820143548233,0.029579138930726355,600
deeplabv3p-resnet50-human,webgpu,54.81499993801117,58.83080004692078,1.0732609707826501,0.02461178145790221,600
deeplabv3p-resnet50-human,webgpu-capture,21.384999990463257,26.14694998264313,1.2226771098575397,0.06530842205540699,600
deeplabv3p-resnet50-human,webgpu-gpuio,49.892500042915344,53.89384986877442,1.0801994252125526,0.028126527442914,600
deeplabv3p-resnet50-human,webgpu-native,54.64999985694885,60.82665004730225,1.1130219616929793,0.03295226737733806,600
efficientnet_b5_Opset17,wasm-1t,756.1500000953674,817.8455498027802,1.081591681147433,0.027718081180419733,600
efficientnet_b5_Opset17,wasm-4t,240.97499990463257,290.4964000201225,1.2055043059864647,0.09225378499182474,600
efficientnet_b5_Opset17,wasm-8t,165.60750007629397,206.76615010261534,1.248531316560904,0.10564296025050783,600
efficientnet_b5_Opset17,webgl,84.47499990463257,88.24105000734329,1.0445818302096759,0.011226415337174174,600
efficientnet_b5_Opset17,webgpu,31.109999895095825,36.39214993476861,1.1697894586140922,0.052112906679461134,600
efficientnet_b5_Opset17,webgpu-capture,30.78250002861023,32.9904500079155,1.07172744180145,0.029308780869302165,600
efficientnet_b5_Opset17,webgpu-gpuio,30.56500005722046,38.19110020875927,1.2495043395145449,0.04617079230924225,600
efficientnet_b5_Opset17,webgpu-native,33.59250009059906,43.438399970531435,1.2930981574273412,0.0552746209055117,600
gpt2lmhead_Opset18,wasm-1t,680.9099999666214,736.8267999339104,1.0821206913836336,0.025779498074022786,600
gpt2lmhead_Opset18,wasm-4t,213.50999999046326,256.8598500204086,1.2030342842577941,0.07892632690713491,600
gpt2lmhead_Opset18,wasm-8t,152.3825000524521,174.319799952507,1.1439620684297986,0.07955800450288367,600
gpt2lmhead_Opset18,webgpu,110.42999994754791,119.60329990386961,1.0830689120771424,0.034322849247641764,600
gpt2lmhead_Opset18,webgpu-capture,43.642499923706055,47.388699989318845,1.0858383473027837,0.039340838050724504,600
gpt2lmhead_Opset18,webgpu-gpuio,42.855000019073486,46.337800037860866,1.081269397205397,0.03384510719226063,600
gpt2lmhead_Opset18,webgpu-native,114.1599999666214,124.11600001096726,1.0872109324391803,0.03435580876894339,600
mobilebert_Opset17,wasm-1t,124.67000007629395,172.3120999717712,1.3821456634821678,0.10347521764749373,600
mobilebert_Opset17,wasm-4t,49.452499985694885,60.728749792575826,1.2280218352993846,0.08035124276552728,600
mobilebert_Opset17,wasm-8t,42.9174998998642,53.33130004644394,1.2426469428759221,0.08949754281587156,600
mobilebert_Opset17,webgpu,17.4375,33.69445005655288,1.9322982111284805,0.19550949627524972,600
mobilebert_Opset17,webgpu-capture,13.399999976158142,15.981550018787383,1.19265298859869,0.07109004635253797,600
mobilebert_Opset17,webgpu-gpuio,14.432500004768372,26.696349935531618,1.8497384324761046,0.16286539318003987,600
mobilebert_Opset17,webgpu-native,26.5,44.1878500676155,1.6674660402873773,0.14185589937554668,600
mobilenetv2-7,wasm-1t,28.580000042915344,33.71799991607666,1.179776062471874,0.03969940430702394,600
mobilenetv2-7,wasm-4t,11.577500104904175,15.996899886131285,1.3817231475865046,0.17394261058751034,600
mobilenetv2-7,wasm-8t,8.365000009536743,10.755800113677978,1.285809934419072,0.13305572362538554,600
mobilenetv2-7,webgl,5.019999980926514,5.840049915313721,1.163356561255575,0.05657723341921026,600
mobilenetv2-7,webgpu,4.0249998569488525,6.6456499814987176,1.6510932217862107,0.1741442704293711,600
mobilenetv2-7,webgpu-capture,2.865000009536743,5.157249970436094,1.8000872437239528,0.2014736950114633,600
mobilenetv2-7,webgpu-gpuio,3.714999914169312,8.105500018596649,2.1818304726419004,0.23047168260397297,600
mobilenetv2-7,webgpu-native,6.0,11.462550036907194,1.910425006151199,0.18805956798792647,600
mobilenetv3_large_100_Opset17,wasm-1t,19.662500023841858,23.38719999074936,1.1894316573371189,0.05666532962403375,600
mobilenetv3_large_100_Opset17,wasm-4t,7.214999914169311,11.091499915122984,1.5372834438072185,0.15966711580988172,600
mobilenetv3_large_100_Opset17,wasm-8t,6.892500042915344,9.280349969863892,1.3464417717926558,0.14612460440527342,600
mobilenetv3_large_100_Opset17,webgpu,4.487500071525574,8.015500104427337,1.7861838388121478,0.15428738025007066,600
mobilenetv3_large_100_Opset17,webgpu-capture,3.5049999952316284,5.72260002851486,1.632696158716166,0.18448332163321898,600
mobilenetv3_large_100_Opset17,webgpu-gpuio,4.539999961853027,8.346100029945372,1.838348039663609,0.20508093769624433,600
mobilenetv3_large_100_Opset17,webgpu-native,7.365000009536743,13.366400017738332,1.8148540394338812,0.17566415764243848,600
resnet50-v2,wasm-1t,199.00499999523163,217.00269999980927,1.0904384312203657,0.027879335537114035,600
resnet50-v2,wasm-4t,64.40750002861023,84.42514995098114,1.310796877902091,0.1147027147091299,600
resnet50-v2,wasm-8t,50.047500014305115,58.69185006618498,1.1727229142196722,0.08631269097321086,600
resnet50-v2,webgl,26.1949999332428,27.990400009155273,1.0685398007439586,0.05454742521787972,600
resnet50-v2,webgpu,8.490000009536743,10.535600085258483,1.2409422936895096,0.059249079395844256,600
resnet50-v2,webgpu-capture,7.597499966621399,9.545199837684631,1.2563606291043359,0.11133951587953246,600
resnet50-v2,webgpu-gpuio,8.460000038146973,10.465199913978577,1.2370212608498772,0.06489897997316339,600
resnet50-v2,webgpu-native,10.612500071525574,13.669799962043758,1.2880847933957837,0.06745914505046824,600
vit_large_patch16_224_in21k_Opset18,wasm-4t,804.0774998664856,933.8634000277519,1.161409690213713,0.06464441313830316,600
vit_large_patch16_224_in21k_Opset18,wasm-8t,599.1349999904633,655.533250131607,1.0941327916780716,0.07289534006481652,600
vit_large_patch16_224_in21k_Opset18,webgpu,151.1050000190735,160.09334991455077,1.0594841328502878,0.01918542378483593,600
vit_large_patch16_224_in21k_Opset18,webgpu-capture,149.62999999523163,151.68640017986297,1.0137432345431856,0.005845993475879739,600
vit_large_patch16_224_in21k_Opset18,webgpu-gpuio,150.79000008106232,159.3415001511574,1.0567113208137007,0.01922787986203144,600
vit_large_patch16_224_in21k_Opset18,webgpu-native,51.362499952316284,54.115250020027155,1.053594549920009,0.0208756719889867,600
yolov2-coco-9,wasm-1t,645.9025000333786,697.8784501218796,1.0804702723488684,0.028283678857036393,600
yolov2-coco-9,wasm-4t,189.1675000190735,232.21644991397858,1.2275705387583202,0.06901239641043558,600
yolov2-coco-9,wasm-8t,136.16249990463257,155.5531999540329,1.1424085196950808,0.07122743882017989,600
yolov2-coco-9,webgl,252.9799998998642,260.355400018692,1.0291540838079976,0.009126422466145515,600
yolov2-coco-9,webgpu,17.077499985694885,19.584950160980224,1.1468277076495814,0.047832258995007024,600
yolov2-coco-9,webgpu-capture,15.572499990463257,17.631150114536286,1.1321977926045121,0.049774394431015265,600
yolov2-coco-9,webgpu-gpuio,16.244999885559082,18.221850028038023,1.1216897603204203,0.038108912021428694,600
yolov2-coco-9,webgpu-native,25.202499985694885,26.875649998188017,1.0663882556668118,0.021819474168471985,600
