model,kernel_speedup,e2e_speedup,retained,macs
mobilenetv3_large_100_Opset17,6.164635575854405,1.5359331327146175,0.2491523000533151,216589760
mobilenetv2-7,6.593254202010682,2.0782609457973558,0.3152101954697224,429111936
alexnet_Opset16,4.0888322820637235,2.5586141505174194,0.6257566889552219,714188480
mobilebert_Opset17,6.732585714859922,2.4612186322502767,0.36556810956271424,2667577344
resnet50-v2,8.535278066528067,5.894876320151613,0.6906484210829581,4089184256
adv_inception_v3_Opset17,6.48215386134112,5.230678653007063,0.8069352818362238,5713216096
efficientnet_b5_Opset17,5.440345434362742,5.32328835212887,0.9784835202752923,9404374080
bert_Opset17,5.171088942357499,3.7385247129899564,0.7229666235997023,11174215680
yolov2-coco-9,11.14937522698384,7.97321036560915,0.7151262024361956,14732084224
gpt2lmhead_Opset18,4.620741903119194,1.3799012960683763,0.29863197837059136,16114089984
deeplabv3p-resnet50-human,9.868993950723707,6.854236985114575,0.6945223615839732,40798060544
vit_large_patch16_224_in21k_Opset18,4.033966529752914,3.965024320272899,0.9829095732521514,61576055808
