model,backend,macs,wall_latency_p50_ms,wall_profile_ms,cpu_node_ms,gpu_busy_ms,gpu_span_ms,dispatches,draws,submits,map_read_wait_ms,upload_bytes,readback_bytes,gpu_busy_frac,cpu_prep_frac,cpu_over_gpu
adv_inception_v3_Opset17,webgl,5713216096,69.75999999046326,69.99750006198883,,66.46899200000004,,0.0,214.0,0.0,0.0,1072812.0,16000.0,0.9528238533412683,,
adv_inception_v3_Opset17,webgpu,5713216096,12.74500012397766,13.24750006198883,3.2995,10.730495999999999,10.9056,122.0,0.0,9.0,8.712499976158142,18224.0,4000.0,0.8419376928692456,0.2588858350650404,0.3074881161131788
adv_inception_v3_Opset17,webgpu-capture,5713216096,11.980000019073486,12.112500071525574,0.0,10.735616,10.9056,122.0,0.0,9.0,11.752500057220459,0.0,4000.0,0.8961282122627472,0.0,0.0
adv_inception_v3_Opset17,webgpu-native,5713216096,15.0,18.382499933242798,7.5115,,,216.0,0.0,15.0,8.202499389648438,21104.0,7456.0,,0.5007666666666667,
alexnet_Opset16,webgl,714188480,8.609999895095825,9.227499961853027,,7.490128,,0.0,19.0,0.0,0.0,602112.0,16000.0,0.8699335762206346,,
alexnet_Opset16,webgpu,714188480,5.267499923706055,5.8450000286102295,0.5555000000000001,3.1933439999999997,3.195392,16.0,0.0,3.0,4.827499985694885,1520.0,4000.0,0.6062352247274944,0.10545799867979248,0.17395557760141098
alexnet_Opset16,webgpu-capture,714188480,4.585000038146973,4.797499895095825,0.0,3.423744,3.426816,16.0,0.0,2.0,4.607499957084656,0.0,4000.0,0.7467271475495354,0.0,0.0
alexnet_Opset16,webgpu-native,714188480,5.872499942779541,7.037500023841858,1.0434999999999999,,,21.0,0.0,3.0,5.0599998235702515,1776.0,4336.0,,0.17769263689530082,
bert_Opset17,webgpu,11174215680,31.045000076293945,31.257500052452087,6.3845,28.059136000000002,28.49792,297.0,0.0,22.0,22.009999990463257,20576.0,396288.0,0.903821418297436,0.2056530837271675,0.22753729836870243
bert_Opset17,webgpu-capture,11174215680,29.95000004768372,29.884999990463257,0.0,28.136448,28.560896,297.0,0.0,20.0,29.287500023841858,0.0,393216.0,0.9394473440802557,0.0,0.0
bert_Opset17,webgpu-native,11174215680,14.365000009536743,21.52999997138977,9.693999999999999,,,297.0,0.0,22.0,6.455000400543213,13920.0,401040.0,,0.6748346671468343,
deeplabv3p-resnet50-human,webgl,40798060544,958.820000052452,952.1949999332428,,455.7946400000001,,0.0,146.0,0.0,0.0,3145728.0,83886080.0,0.475370392748447,,
deeplabv3p-resnet50-human,webgpu,40798060544,54.81499993801117,55.05499994754791,2.6145,39.491072,43.97056,96.0,0.0,8.0,44.74750006198883,10768.0,20971520.0,0.7204427993187889,0.04769679837556634,0.06620483738704282
deeplabv3p-resnet50-human,webgpu-capture,40798060544,21.384999990463257,21.382500052452087,0.0,,,96.0,0.0,7.0,17.612500071525574,0.0,20971520.0,,0.0,
deeplabv3p-resnet50-human,webgpu-native,40798060544,54.64999985694885,58.332499980926514,5.073,,,148.0,0.0,11.0,41.602500200271606,10816.0,20973888.0,,0.0928270816702474,
efficientnet_b5_Opset17,webgl,9404374080,84.47499990463257,84.31749987602234,,81.20934400000013,,0.0,693.0,0.0,0.0,2408448.0,16000.0,0.9613417471640228,,
efficientnet_b5_Opset17,webgpu,9404374080,31.109999895095825,31.544999957084656,9.851500000000001,28.471808000000003,29.385728,579.0,0.0,38.0,18.0275000333786,53472.0,4000.0,0.9151979458697553,0.3166666677344795,0.3460089362783003
efficientnet_b5_Opset17,webgpu-capture,9404374080,30.78250002861023,30.38499999046326,0.0,28.381184,29.228544,579.0,0.0,38.0,29.70499992370605,0.0,4000.0,0.9219908705797655,0.0,0.0
efficientnet_b5_Opset17,webgpu-native,9404374080,33.59250009059906,42.65749990940094,20.076999999999998,,,773.0,0.0,50.0,14.607500314712524,41232.0,16368.0,,0.597663167250198,
gpt2lmhead_Opset18,webgpu,16114089984,110.42999994754791,111.87999987602234,7.3025,33.967616,34.492928,342.0,0.0,48.0,90.15249943733215,26784.0,35168768.0,0.3075940959533999,0.06612786383653486,0.21498417787106402
gpt2lmhead_Opset18,webgpu-capture,16114089984,43.642499923706055,42.27999997138977,0.0,33.864704,34.392576,342.0,0.0,23.0,37.39750003814697,0.0,25731584.0,0.7759570157346812,0.0,0.0
gpt2lmhead_Opset18,webgpu-native,16114089984,114.1599999666214,116.9724999666214,10.720500000000001,,,342.0,0.0,48.0,86.99750089645386,16560.0,35174240.0,,0.09390767346824201,
mobilebert_Opset17,webgpu,2667577344,17.4375,38.91250002384186,23.7185,12.85888,33.076736,1214.0,0.0,79.0,4.982499718666077,91280.0,264192.0,0.7374268100358422,1.360200716845878,1.8445230066693212
mobilebert_Opset17,webgpu-capture,2667577344,13.399999976158142,13.34249997138977,0.0,11.089407999999999,12.982784,1214.0,0.0,77.0,12.477500081062317,0.0,262144.0,0.827567762666474,0.0,0.0
mobilebert_Opset17,webgpu-native,2667577344,26.5,62.67750000953674,34.3995,,,1214.0,0.0,79.0,11.747501015663147,66224.0,283616.0,,1.2980943396226416,
mobilenetv2-7,webgl,429111936,5.019999980926514,6.34500002861023,,3.4047359999999935,,0.0,191.0,0.0,0.0,602112.0,16000.0,0.6782342655251565,,
mobilenetv2-7,webgpu,429111936,4.0249998569488525,5.194999814033508,1.8239999999999998,1.681408,1.990656,67.0,0.0,6.0,2.4574999809265137,9072.0,4000.0,0.417741132859217,0.4531677179692328,1.0848051157125456
mobilenetv2-7,webgpu-capture,429111936,2.865000009536743,3.1699999570846558,0.0,1.6896,1.784832,67.0,0.0,6.0,2.8999998569488525,0.0,4000.0,0.5897382179322227,0.0,0.0
mobilenetv2-7,webgpu-native,429111936,6.0,9.340000033378601,4.2005,,,121.0,0.0,9.0,3.282500147819519,9024.0,5936.0,,0.7000833333333333,
mobilenetv3_large_100_Opset17,webgpu,216589760,4.487500071525574,7.075000047683716,3.1414999999999997,1.8959359999999998,3.905024,143.0,0.0,10.0,2.505000114440918,14528.0,4000.0,0.42249269521581445,0.7000556991483263,1.656965214015663
mobilenetv3_large_100_Opset17,webgpu-capture,216589760,3.5049999952316284,3.7350001335144043,0.0,1.929216,2.116608,143.0,0.0,10.0,3.3450000286102295,0.0,4000.0,0.550418260377917,0.0,0.0
mobilenetv3_large_100_Opset17,webgpu-native,216589760,7.365000009536743,11.765000104904175,5.766,,,206.0,0.0,14.0,3.570000171661377,12368.0,7296.0,,0.7828920560127304,
resnet50-v2,webgl,4089184256,26.1949999332428,26.49500000476837,,23.570559999999986,,0.0,226.0,0.0,0.0,602112.0,16000.0,0.8998114166852024,,
resnet50-v2,webgpu,4089184256,8.490000009536743,8.567499876022339,2.619,6.672384,6.817792,109.0,0.0,8.0,4.995000004768372,10896.0,4000.0,0.7859109531807973,0.3084805650245112,0.3925133805248619
resnet50-v2,webgpu-capture,4089184256,7.597499966621399,7.627500057220459,0.0,6.667776,6.808064,109.0,0.0,8.0,7.375,0.0,4000.0,0.8776276445270133,0.0,0.0
resnet50-v2,webgpu-native,4089184256,10.612500071525574,13.50499987602234,5.198,,,162.0,0.0,12.0,6.285000324249268,10880.0,6592.0,,0.48979976112761286,
vit_large_patch16_224_in21k_Opset18,webgpu,61576055808,151.1050000190735,149.53750002384186,11.898,146.895872,147.791872,561.0,0.0,37.0,132.59500002861023,48656.0,87376.0,0.9721443498326184,0.07873994903211776,0.08099614943570368
vit_large_patch16_224_in21k_Opset18,webgpu-capture,61576055808,149.62999999523163,148.46749997138977,0.0,147.546624,148.404224,561.0,0.0,37.0,147.86999988555908,0.0,87376.0,0.98607648202033,0.0,0.0
vit_large_patch16_224_in21k_Opset18,webgpu-native,61576055808,51.362499952316284,58.27999997138977,17.414,,,562.0,0.0,37.0,32.665000677108765,32448.0,96368.0,,0.3390411295432805,
yolov2-coco-9,webgl,14732084224,252.9799998998642,253.31500005722046,,246.6207040000001,,0.0,99.0,0.0,0.0,2076672.0,1149200.0,0.9748624559159568,,
yolov2-coco-9,webgpu,14732084224,17.077499985694885,17.167500019073486,1.4064999999999999,14.143488,14.1952,37.0,0.0,4.0,14.452499866485596,4832.0,287312.0,0.8281942914271652,0.08235983025490655,0.09944505909716188
yolov2-coco-9,webgpu-capture,14732084224,15.572499990463257,15.694999814033508,0.0,14.235136,14.289919999999999,37.0,0.0,4.0,15.357500076293945,0.0,287312.0,0.9141201482560751,0.0,0.0
yolov2-coco-9,webgpu-native,14732084224,25.202499985694885,26.679999947547913,2.5675,,,60.0,0.0,5.0,22.19499981403351,5440.0,288272.0,,0.10187481406437182,
