model,variant,rel_latency,lo,hi,macs
adv_inception_v3_Opset17,webgpu-native,1.1769321187984865,1.1709529031370203,1.1831455817434708,5713216096
adv_inception_v3_Opset17,webgpu-gpuio,0.9709689980087514,0.9646112402186305,0.9780400777877379,5713216096
adv_inception_v3_Opset17,webgpu-capture,0.9399764537102712,0.9343740352890407,0.9456141342245028,5713216096
alexnet_Opset16,webgpu-native,1.1148552497078779,1.1036741210068781,1.127691895791779,714188480
alexnet_Opset16,webgpu-gpuio,0.955861444472165,0.9462771259555226,0.9665871209719266,714188480
alexnet_Opset16,webgpu-capture,0.870431913536907,0.8612682679820977,0.8804414088071504,714188480
bert_Opset17,webgpu-native,0.46271541228005664,0.4577331826843724,0.46674290253174777,11174215680
bert_Opset17,webgpu-gpuio,0.9748751783320281,0.9708361145921033,0.9767929978314602,11174215680
bert_Opset17,webgpu-capture,0.9647286189106383,0.9613622719338631,0.9675235662006914,11174215680
deeplabv3p-resnet50-human,webgpu-native,0.9969898735519673,0.9934012460713062,1.0000456487631928,40798060544
deeplabv3p-resnet50-human,webgpu-gpuio,0.9101979403327091,0.9080348013017763,0.9122057737214178,40798060544
deeplabv3p-resnet50-human,webgpu-capture,0.39013043901572536,0.38885854697552835,0.39179843926873165,40798060544
efficientnet_b5_Opset17,webgpu-native,1.0797974993209363,1.077720468201405,1.082288791620087,9404374080
efficientnet_b5_Opset17,webgpu-gpuio,0.9824815223493047,0.980736703688608,0.9843925942793181,9404374080
efficientnet_b5_Opset17,webgpu-capture,0.9894728425718439,0.9856246226025107,0.992915939827812,9404374080
gpt2lmhead_Opset18,webgpu-native,1.0337770535257191,1.029369143234839,1.0382968480560721,16114089984
gpt2lmhead_Opset18,webgpu-gpuio,0.3880738933209162,0.3869539679798323,0.38931128841158485,16114089984
gpt2lmhead_Opset18,webgpu-capture,0.3952051068046309,0.3937298968041092,0.39677009246639694,16114089984
mobilebert_Opset17,webgpu-native,1.5197132616487454,1.500495144492035,1.5408524080755337,2667577344
mobilebert_Opset17,webgpu-gpuio,0.8276702511695123,0.816458289118235,0.840324977059994,2667577344
mobilebert_Opset17,webgpu-capture,0.7684587799947321,0.7589331304978214,0.7779238650478469,2667577344
mobilenetv2-7,webgpu-native,1.490683282793529,1.4698937219835606,1.5207815073696849,429111936
mobilenetv2-7,webgpu-gpuio,0.922981377938598,0.9099874886627969,0.9382871235728644,429111936
mobilenetv2-7,webgpu-capture,0.7118012699032874,0.7030675199107314,0.7237015221651427,429111936
mobilenetv3_large_100_Opset17,webgpu-native,1.6412256027068837,1.6158515070470059,1.6666760490033197,216589760
mobilenetv3_large_100_Opset17,webgpu-gpuio,1.0116991397193684,0.9911081017622667,1.033127903647,216589760
mobilenetv3_large_100_Opset17,webgpu-capture,0.781058482309966,0.7681141092344619,0.7934541970798688,216589760
resnet50-v2,webgpu-native,1.2500000070205706,1.2441176382934347,1.256637179469074,4089184256
resnet50-v2,webgpu-gpuio,0.9964664344692495,0.9923439553911818,1.0008844528391512,4089184256
resnet50-v2,webgpu-capture,0.8948763201516129,0.8888235372655532,0.9026554092660597,4089184256
vit_large_patch16_224_in21k_Opset18,webgpu-native,0.33991264316755215,0.33940974822052106,0.34042095503711384,61576055808
vit_large_patch16_224_in21k_Opset18,webgpu-gpuio,0.9979153572815499,0.9969084663832501,0.9988742648705222,61576055808
vit_large_patch16_224_in21k_Opset18,webgpu-capture,0.9902385756682064,0.989351093847989,0.9912292529321873,61576055808
yolov2-coco-9,webgpu-native,1.4757722153011843,1.4693068462078125,1.4817006165828344,14732084224
yolov2-coco-9,webgpu-gpuio,0.9512516409993761,0.9456294550006435,0.9550728353587852,14732084224
yolov2-coco-9,webgpu-capture,0.911872346860354,0.9056683294816442,0.9169133493247267,14732084224
