model,baseline,speedup,lo,hi,macs,weight_bytes,target_p50_ms,baseline_p50_ms
adv_inception_v3_Opset17,wasm-1t,20.10062751133377,19.98003236248304,20.201779512450045,5713216096,95269408,12.74500012397766,256.18250012397766
adv_inception_v3_Opset17,wasm-4t,6.910749245109169,6.834606853131014,7.007668841786088,5713216096,95269408,12.74500012397766,88.07749998569489
adv_inception_v3_Opset17,wasm-8t,5.230678653007063,5.167832123591178,5.300893192269624,5713216096,95269408,12.74500012397766,66.66500008106232
adv_inception_v3_Opset17,webgl,5.473518973077222,5.445178695904403,5.498034937135301,5713216096,95269408,12.74500012397766,69.75999999046326
alexnet_Opset16,wasm-1t,7.647366039308582,7.584062453993238,7.724606365580867,714188480,244403360,5.267499923706055,40.28250002861023
alexnet_Opset16,wasm-4t,2.7005221129331454,2.668560396672926,2.73174460202338,714188480,244403360,5.267499923706055,14.225000023841858
alexnet_Opset16,wasm-8t,2.5586141505174194,2.5316321395679355,2.5870920102099917,714188480,244403360,5.267499923706055,13.477499842643738
alexnet_Opset16,webgl,1.6345514987759293,1.6183951081080055,1.6505802613972922,714188480,244403360,5.267499923706055,8.609999895095825
bert_Opset17,wasm-1t,15.429779312176109,15.372394387232637,15.476846351880912,11174215680,437928960,31.045000076293945,479.01749992370605
bert_Opset17,wasm-4t,4.966741810181672,4.908721382806547,5.009698220342845,11174215680,437928960,31.045000076293945,154.19249987602234
bert_Opset17,wasm-8t,3.7385247129899564,3.699753635583563,3.770683278126316,11174215680,437928960,31.045000076293945,116.0625
deeplabv3p-resnet50-human,wasm-1t,35.50342063678891,35.41269002163355,35.59823215254753,40798060544,47178640,54.81499993801117,1946.1200000047684
deeplabv3p-resnet50-human,wasm-4t,10.409422614551815,10.348895755312729,10.47398794572441,40798060544,47178640,54.81499993801117,570.5924999713898
deeplabv3p-resnet50-human,wasm-8t,6.854236985114575,6.793557512040987,6.911049173069879,40798060544,47178640,54.81499993801117,375.7149999141693
deeplabv3p-resnet50-human,webgl,17.49192741287524,17.423739517245277,17.53647459645258,40798060544,47178640,54.81499993801117,958.820000052452
efficientnet_b5_Opset17,wasm-1t,24.305689573935574,24.21961044921473,24.40631443535935,9404374080,121213664,31.109999895095825,756.1500000953674
efficientnet_b5_Opset17,wasm-4t,7.745901662398264,7.637134963293692,7.846927725439459,9404374080,121213664,31.109999895095825,240.97499990463257
efficientnet_b5_Opset17,wasm-8t,5.32328835212887,5.274615786783414,5.3932391067292516,9404374080,121213664,31.109999895095825,165.60750007629397
efficientnet_b5_Opset17,webgl,2.715364840549202,2.7115921447153117,2.719823156628753,9404374080,121213664,31.109999895095825,84.47499990463257
gpt2lmhead_Opset18,wasm-1t,6.1659875060222795,6.146355969701344,6.190636862754051,16114089984,652148736,110.42999994754791,680.9099999666214
gpt2lmhead_Opset18,wasm-4t,1.9334420002886563,1.9170958525720434,1.9593925952160005,16114089984,652148736,110.42999994754791,213.50999999046326
gpt2lmhead_Opset18,wasm-8t,1.3799012960683763,1.3683372581099298,1.3923331942495876,16114089984,652148736,110.42999994754791,152.3825000524521
mobilebert_Opset17,wasm-1t,7.149534054554492,7.0607611660939815,7.244658562098437,2667577344,98315264,17.4375,124.67000007629395
mobilebert_Opset17,wasm-4t,2.8359856622620723,2.794849769827406,2.875132039123515,2667577344,98315264,17.4375,49.452499985694885
mobilebert_Opset17,wasm-8t,2.4612186322502767,2.429004860669443,2.493761744338419,2667577344,98315264,17.4375,42.9174998998642
mobilenetv2-7,wasm-1t,7.100621381035374,7.019656118391991,7.210334040872829,429111936,14156560,4.0249998569488525,28.580000042915344
mobilenetv2-7,wasm-4t,2.8763976438201637,2.8012061630487897,2.983157061473803,429111936,14156560,4.0249998569488525,11.577500104904175
mobilenetv2-7,wasm-8t,2.0782609457973558,2.054086513896612,2.11258215719035,429111936,14156560,4.0249998569488525,8.365000009536743
mobilenetv2-7,webgl,1.2472050085318314,1.2318971470535942,1.2670036134136937,429111936,14156560,4.0249998569488525,5.019999980926514
mobilenetv3_large_100_Opset17,wasm-1t,4.381615534360845,4.327453282144066,4.431158883932686,216589760,21883328,4.487500071525574,19.662500023841858
mobilenetv3_large_100_Opset17,wasm-4t,1.607799398143852,1.5841090342605546,1.631698394800445,216589760,21883328,4.487500071525574,7.214999914169311
mobilenetv3_large_100_Opset17,wasm-8t,1.5359331327146175,1.5022050169471708,1.56173184856711,216589760,21883328,4.487500071525574,6.892500042915344
resnet50-v2,wasm-1t,23.439929301730395,23.364614298045737,23.53055156749916,4089184256,102380256,8.490000009536743,199.00499999523163
resnet50-v2,wasm-4t,7.586277968935435,7.512345060116898,7.670026442772085,4089184256,102380256,8.490000009536743,64.40750002861023
resnet50-v2,wasm-8t,5.894876320151613,5.855416987162196,5.946345122690797,4089184256,102380256,8.490000009536743,50.047500014305115
resnet50-v2,webgl,3.0853945705321775,3.0760405683420795,3.0941558318042786,4089184256,102380256,8.490000009536743,26.1949999332428
vit_large_patch16_224_in21k_Opset18,wasm-4t,5.321316301677572,5.287083923796235,5.381835055743845,61576055808,1302762828,151.1050000190735,804.0774998664856
vit_large_patch16_224_in21k_Opset18,wasm-8t,3.965024320272899,3.9221773755093947,4.006890480034408,61576055808,1302762828,151.1050000190735,599.1349999904633
yolov2-coco-9,wasm-1t,37.821841638086624,37.61646260578251,38.03711140673149,14732084224,203934420,17.077499985694885,645.9025000333786
yolov2-coco-9,wasm-4t,11.077001913484484,10.991492623591531,11.140070540285102,14732084224,203934420,17.077499985694885,189.1675000190735
yolov2-coco-9,wasm-8t,7.97321036560915,7.90472996588638,8.047062899984425,14732084224,203934420,17.077499985694885,136.16249990463257
yolov2-coco-9,webgl,14.813643689754066,14.757328122609392,14.866966143904623,14732084224,203934420,17.077499985694885,252.9799998998642
