model,backend,batch,per_sample
deeplabv3p-resnet50-human,wasm-4t,1,567.3875000476837
deeplabv3p-resnet50-human,wasm-4t,2,1026.9862499833107
deeplabv3p-resnet50-human,wasm-4t,4,627.060624986887
deeplabv3p-resnet50-human,wasm-8t,1,402.26750004291534
deeplabv3p-resnet50-human,wasm-8t,2,968.9424999952316
deeplabv3p-resnet50-human,wasm-8t,4,597.2487499713898
deeplabv3p-resnet50-human,webgpu,1,54.2849999666214
deeplabv3p-resnet50-human,webgpu,2,59.842500030994415
deeplabv3p-resnet50-human,webgpu,4,58.53749996423721
deeplabv3p-resnet50-human,webgpu-gpuio,1,50.00750005245209
deeplabv3p-resnet50-human,webgpu-gpuio,2,55.57750004529953
deeplabv3p-resnet50-human,webgpu-gpuio,4,51.9549999833107
deeplabv3p-resnet50-human,webgpu-native,1,54.72499990463257
deeplabv3p-resnet50-human,webgpu-native,2,57.72500002384186
deeplabv3p-resnet50-human,webgpu-native,4,56.20125001668931
resnet50-v2,wasm-4t,1,61.47000002861023
resnet50-v2,wasm-4t,2,93.00125002861023
resnet50-v2,wasm-4t,4,66.60875001549721
resnet50-v2,wasm-4t,8,67.32062500715256
resnet50-v2,wasm-4t,16,61.927343755960464
resnet50-v2,wasm-8t,1,52.74749994277954
resnet50-v2,wasm-8t,2,91.30750006437302
resnet50-v2,wasm-8t,4,58.47187498211861
resnet50-v2,wasm-8t,8,45.11531248688698
resnet50-v2,wasm-8t,16,44.63859374821186
resnet50-v2,webgpu,1,8.799999952316284
resnet50-v2,webgpu,2,5.933749973773956
resnet50-v2,webgpu,4,4.68000003695488
resnet50-v2,webgpu,8,4.222187489271164
resnet50-v2,webgpu,16,3.96875
resnet50-v2,webgpu-gpuio,1,8.772499918937683
resnet50-v2,webgpu-gpuio,2,5.738749980926514
resnet50-v2,webgpu-gpuio,4,4.553125023841858
resnet50-v2,webgpu-gpuio,8,3.9718749970197678
resnet50-v2,webgpu-gpuio,16,3.7412500008940697
resnet50-v2,webgpu-native,1,11.332499980926514
resnet50-v2,webgpu-native,2,7.088750004768371
resnet50-v2,webgpu-native,4,5.325625032186508
resnet50-v2,webgpu-native,8,4.497812494635582
resnet50-v2,webgpu-native,16,4.146249994635582
