model,backend,rate,service_p50_ms,latency_p95_ms,goodput_rps,offered_rps,miss_rate,sm_clock_mhz,closed_loop_p50_ms,service_over_closed_loop
bert_Opset17,wasm-8t,1,113.13750004768372,190.34973260353243,0.0,1.0,1.0,210.0,116.0625,0.9747980618001828
bert_Opset17,wasm-8t,5,110.58999991416933,302.95594927810237,0.125,5.375,0.9767441860465116,210.0,116.0625,0.9528486799282225
bert_Opset17,wasm-8t,20,107.0,2589.7668931080607,0.0,21.25,1.0,210.0,116.0625,0.9219170705438879
bert_Opset17,wasm-8t,50,107.34500002861022,3109.0545263512977,0.0,50.0,1.0,210.0,116.0625,0.9248896071393449
bert_Opset17,wasm-8t,100,107.74749994277954,3177.1562067104205,0.0,104.125,1.0,210.0,116.0625,0.9283575654735986
bert_Opset17,wasm-8t,200,106.90499997138976,3245.0151133966306,0.0,209.125,1.0,210.0,116.0625,0.921098545795496
bert_Opset17,webgpu,1,34.22000002861023,235.14648096125083,0.5,1.0,0.5,727.0,31.045000076293945,1.1022708952975884
bert_Opset17,webgpu,5,36.14999985694885,89.45710615171011,5.125,5.375,0.046511627906976716,1890.0,31.045000076293945,1.1644387105205098
bert_Opset17,webgpu,20,31.87999999523163,118.70938045608018,18.5,21.25,0.12941176470588234,1927.0,31.045000076293945,1.0268964379734464
bert_Opset17,webgpu,50,31.295000076293945,545.050193320294,2.125,50.0,0.9575,1912.0,31.045000076293945,1.0080528265223263
bert_Opset17,webgpu,100,31.59999990463257,566.8514517852557,0.375,104.125,0.9963985594237695,1905.0,31.045000076293945,1.017877269350127
bert_Opset17,webgpu,200,31.72499990463257,567.1025296999214,0.375,209.125,0.9982068141063957,1905.0,31.045000076293945,1.0219036826112902
mobilebert_Opset17,wasm-8t,1,47.517500042915344,72.29498257826008,1.0,1.0,0.0,210.0,42.9174998998642,1.1071823883913074
mobilebert_Opset17,wasm-8t,5,45.9449999332428,87.16431207989262,5.375,5.375,0.0,210.0,42.9174998998642,1.0705423205089395
mobilebert_Opset17,wasm-8t,20,42.0900000333786,282.5641743134312,6.875,21.25,0.6764705882352942,210.0,42.9174998998642,0.9807188240597348
mobilebert_Opset17,wasm-8t,50,42.3050000667572,1065.4655936347644,1.375,50.0,0.9725,210.0,42.9174998998642,0.9857284363130171
mobilebert_Opset17,wasm-8t,100,41.63499999046326,1183.8922625490143,0.25,104.125,0.9975990396158463,210.0,42.9174998998642,0.9701170871464254
mobilebert_Opset17,wasm-8t,200,42.359999895095825,1271.5294291371447,0.25,209.125,0.9988045427375971,210.0,42.9174998998642,0.9870099608302175
mobilebert_Opset17,webgpu,1,63.2849999666214,135.97762051305634,0.625,1.0,0.375,495.0,17.4375,3.629247309913772
mobilebert_Opset17,webgpu,5,40.60000014305115,81.1021302089357,5.25,5.375,0.023255813953488413,772.0,17.4375,2.32831542039003
mobilebert_Opset17,webgpu,20,18.705000042915344,56.799994234781465,21.25,21.25,0.0,1920.0,17.4375,1.0726881745041057
mobilebert_Opset17,webgpu,50,18.3199999332428,284.83557577429235,25.75,50.0,0.485,1935.0,17.4375,1.050609315168046
mobilebert_Opset17,webgpu,100,19.490000009536743,362.5553242457856,0.75,104.125,0.992797118847539,1935.0,17.4375,1.1177060937368741
mobilebert_Opset17,webgpu,200,19.68499994277954,371.2312490425116,0.625,209.125,0.9970113568439928,1935.0,17.4375,1.1288888856074288
mobilenetv2-7,wasm-8t,1,9.452500104904175,19.012132013856625,1.0,1.0,0.0,210.0,8.365000009536743,1.130005988538864
mobilenetv2-7,wasm-8t,5,9.104999780654907,23.2723036491705,5.375,5.375,0.0,210.0,8.365000009536743,1.0884638099551114
mobilenetv2-7,wasm-8t,20,9.06500005722046,26.204671674256854,21.25,21.25,0.0,210.0,8.365000009536743,1.0836820139731815
mobilenetv2-7,wasm-8t,50,8.309999942779541,24.68192880090682,50.0,50.0,0.0,210.0,8.365000009536743,0.993424977083742
mobilenetv2-7,wasm-8t,100,8.200000047683716,51.65174456853852,104.125,104.125,0.0,210.0,8.365000009536743,0.9802749597531483
mobilenetv2-7,wasm-8t,200,8.190000057220459,189.8694318440208,3.5,209.125,0.9832635983263598,210.0,8.365000009536743,0.9790795036321852
mobilenetv2-7,webgl,1,49.7299998998642,92.94473087351277,0.875,1.0,0.125,251.0,5.019999980926514,9.906374519683924
mobilenetv2-7,webgl,5,33.75499987602234,77.8783114634134,5.25,5.375,0.023255813953488413,330.0,5.019999980926514,6.724103586508852
mobilenetv2-7,webgl,20,11.495000004768372,40.246493711807844,21.25,21.25,0.0,765.0,5.019999980926514,2.289840647100322
mobilenetv2-7,webgl,50,7.897499918937682,31.851495681084245,50.0,50.0,0.0,1035.0,5.019999980926514,1.5732071611442684
mobilenetv2-7,webgl,100,5.305000066757202,22.322256663476573,104.125,104.125,0.0,1920.0,5.019999980926514,1.0567729256799894
mobilenetv2-7,webgl,200,4.940000057220459,94.1591959622925,195.375,209.125,0.06575014943215785,1912.0,5.019999980926514,0.9840637601573676
mobilenetv2-7,webgpu,1,24.022499918937683,43.81198082725927,1.0,1.0,0.0,210.0,4.0249998569488525,5.968323173344885
mobilenetv2-7,webgpu,5,24.84500002861023,44.2810896909974,5.375,5.375,0.0,217.0,4.0249998569488525,6.172671033942336
mobilenetv2-7,webgpu,20,10.615000009536743,33.03360514506293,21.25,21.25,0.0,555.0,4.0249998569488525,2.637267176844929
mobilenetv2-7,webgpu,50,6.315000057220459,29.40090170977364,50.0,50.0,0.0,885.0,4.0249998569488525,1.5689441693564528
mobilenetv2-7,webgpu,100,4.984999895095825,18.164628881296085,104.125,104.125,0.0,1095.0,4.0249998569488525,1.2385093347244738
mobilenetv2-7,webgpu,200,4.6499998569488525,79.71444011317654,204.0,209.125,0.02450687387925876,1822.0,4.0249998569488525,1.155279508624326
resnet50-v2,wasm-8t,1,54.87749993801117,83.30871062962377,1.0,1.0,0.0,210.0,50.047500014305115,1.0965083155467403
resnet50-v2,wasm-8t,5,53.91000008583069,96.37147931399959,5.125,5.375,0.046511627906976716,210.0,50.047500014305115,1.07717668355905
resnet50-v2,wasm-8t,20,52.0550000667572,827.9547171601882,0.375,21.25,0.9823529411764705,210.0,50.047500014305115,1.040111894737565
resnet50-v2,wasm-8t,50,48.77499997615814,1267.3870215928143,0.25,50.0,0.995,210.0,50.047500014305115,0.9745741537982267
resnet50-v2,wasm-8t,100,48.90499997138977,1394.4844042944512,0.25,104.125,0.9975990396158463,210.0,50.047500014305115,0.9771716860464802
resnet50-v2,wasm-8t,200,49.267500042915344,1465.7197170673935,0.25,209.125,0.9988045427375971,210.0,50.047500014305115,0.9844148065104786
resnet50-v2,webgl,1,28.585000038146973,229.90473095934345,0.5,1.0,0.5,855.0,26.1949999332428,1.0912387902651275
resnet50-v2,webgl,5,38.90999984741211,83.26167695893018,5.375,5.375,0.0,1230.0,26.1949999332428,1.48539797467353
resnet50-v2,webgl,20,26.0974999666214,88.14123294339218,20.625,21.25,0.02941176470588236,1905.0,26.1949999332428,0.9962779168975042
resnet50-v2,webgl,50,26.40000009536743,581.095021159084,4.0,50.0,0.92,1867.0,26.1949999332428,1.007825927186374
resnet50-v2,webgl,100,26.425000190734863,694.0214559836404,0.5,104.125,0.9951980792316927,1845.0,26.1949999332428,1.0087803114364653
resnet50-v2,webgl,200,26.865000009536743,785.3769845292278,0.5,209.125,0.9976090854751942,1848.5,26.1949999332428,1.0255774032449483
resnet50-v2,webgpu,1,65.25250005722046,162.02421086518132,0.75,1.0,0.25,412.0,8.490000009536743,7.685806829672897
resnet50-v2,webgpu,5,34.61500000953674,64.86647960487025,5.375,5.375,0.0,540.0,8.490000009536743,4.0771495842937595
resnet50-v2,webgpu,20,12.932500004768372,39.646478458184724,21.25,21.25,0.0,1237.0,8.490000009536743,1.5232626608058195
resnet50-v2,webgpu,50,8.960000038146973,32.84047319673262,50.0,50.0,0.0,1927.0,8.490000009536743,1.0553592494796564
resnet50-v2,webgpu,100,8.789999961853027,104.64155935571179,97.0,104.125,0.06842737094837936,1920.0,8.490000009536743,1.0353356833897875
resnet50-v2,webgpu,200,8.825000047683716,157.3600446203127,2.625,209.125,0.9874476987447699,1920.0,8.490000009536743,1.0394581905501379
