model,submit_ms,readback_ms,dur_ms,macs
mobilenetv3_large_100_Opset17,1.7300000190734863,2.680000066757202,4.539999961853027,216589760
mobilenetv2-7,0.9500000476837158,2.7100000381469727,3.714999914169312,429111936
alexnet_Opset16,0.3949999809265136,4.6549999713897705,5.0350000858306885,714188480
mobilebert_Opset17,10.860000133514404,3.3600001335144043,14.432500004768372,2667577344
resnet50-v2,1.6549999713897705,6.827499985694885,8.460000038146973,4089184256
adv_inception_v3_Opset17,1.9750001430511477,10.224999904632568,12.375,5713216096
efficientnet_b5_Opset17,5.957499980926514,24.56499993801117,30.56500005722046,9404374080
bert_Opset17,3.0949997901916504,27.07500004768372,30.264999985694885,11174215680
yolov2-coco-9,0.8250000476837158,15.375,16.244999885559082,14732084224
gpt2lmhead_Opset18,4.089999914169312,38.65499997138977,42.855000019073486,16114089984
deeplabv3p-resnet50-human,1.7524999380111694,48.05999994277954,49.892500042915344,40798060544
vit_large_patch16_224_in21k_Opset18,6.297500014305115,144.50999999046326,150.79000008106232,61576055808
