model,startup_extra_ms,per_inference_gain_ms,break_even_n,macs
mobilenetv3_large_100_Opset17,331.3200000524521,2.2024999856948853,150.42905888960593,216589760
mobilenetv2-7,280.3175001144409,4.162499785423279,67.34354704259422,429111936
alexnet_Opset16,194.0975000858307,8.212499856948853,23.634399204475933,714188480
mobilebert_Opset17,262.91999983787537,24.647500038146973,10.667207604461048,2667577344
resnet50-v2,331.51999974250793,40.91250002384186,8.103146948959703,4089184256
adv_inception_v3_Opset17,375.2449998855591,52.69249999523163,7.121411964122344,5713216096
efficientnet_b5_Opset17,424.4025000333786,133.21250009536743,3.185905975261683,9404374080
bert_Opset17,132.22999989986408,88.55750000476837,1.493154164161637,11174215680
yolov2-coco-9,354.4850001335144,119.48249995708466,2.9668361497360465,14732084224
gpt2lmhead_Opset18,321.1850001811981,39.72749996185303,8.084702044921151,16114089984
deeplabv3p-resnet50-human,403.7650001049042,325.77499997615814,1.2393983581749788,40798060544
vit_large_patch16_224_in21k_Opset18,252.49250006675697,442.1100001335144,0.5711078690608804,61576055808
