model,backend,p50,p95,n,latency_p50_ms
bert_Opset17,wasm-1t,225.84999990463257,289.4874999523163,51,479.01749992370605
bert_Opset17,wasm-8t,67.50500011444092,111.43850002288819,72,116.0625
bert_Opset17,webgpu,0.2850000858306885,2.5139999389648433,93,31.045000076293945
bert_Opset17,webgpu-capture,0.2350001335144043,0.3925000429153442,91,29.95000004768372
efficientnet_b5_Opset17,wasm-1t,497.7649998664856,614.9960000514984,33,756.1500000953674
efficientnet_b5_Opset17,wasm-8t,124.47500014305116,154.22199997901916,65,165.60750007629397
efficientnet_b5_Opset17,webgl,75.08249998092651,85.05374997854233,76,84.47499990463257
efficientnet_b5_Opset17,webgpu,0.2699999809265136,4.55499997138977,93,31.109999895095825
efficientnet_b5_Opset17,webgpu-capture,0.2549998760223388,0.3250000476837158,93,30.78250002861023
mobilebert_Opset17,wasm-1t,109.94000005722046,122.63999993801116,68,124.67000007629395
mobilebert_Opset17,wasm-8t,26.850000023841858,46.40924996137618,84,42.9174998998642
mobilebert_Opset17,webgpu,8.607499957084656,12.335749995708465,90,17.4375
mobilebert_Opset17,webgpu-capture,0.244999885559082,0.360999822616577,93,13.399999976158142
mobilenetv2-7,wasm-1t,8.162500023841858,27.188750004768373,90,28.580000042915344
mobilenetv2-7,wasm-8t,5.105000019073486,8.687750005722044,90,8.365000009536743
mobilenetv2-7,webgl,2.734999895095825,5.112500071525574,91,5.019999980926514
mobilenetv2-7,webgpu,0.2100000381469726,0.41700000762939443,93,4.0249998569488525
mobilenetv2-7,webgpu-capture,0.2400000095367431,0.3690000057220458,93,2.865000009536743
resnet50-v2,wasm-1t,141.17000007629395,163.44200018644332,60,199.00499999523163
resnet50-v2,wasm-8t,18.675000071525574,50.667500019073486,86,50.047500014305115
resnet50-v2,webgl,7.615000009536743,25.58999991416931,89,26.1949999332428
resnet50-v2,webgpu,0.25,0.8190000057220456,93,8.490000009536743
resnet50-v2,webgpu-capture,0.25,0.3922500491142273,92,7.597499966621399
yolov2-coco-9,wasm-1t,397.710000038147,466.82849990129466,38,645.9025000333786
yolov2-coco-9,wasm-8t,33.674999952316284,128.69799995422363,80,136.16249990463257
yolov2-coco-9,webgl,10.915000081062317,257.19450001716615,72,252.9799998998642
yolov2-coco-9,webgpu,0.3050000667572021,0.8850000381469725,93,17.077499985694885
yolov2-coco-9,webgpu-capture,0.2699999809265136,0.4094999670982361,92,15.572499990463257
