model,backend,shape_value,first_seen,revisit,steady,first_seen_x,revisit_x
deeplabv3p-resnet50-human,wasm-8t,1.0,,375.3500001430512,378.42750000953674,,0.9918676632474966
deeplabv3p-resnet50-human,wasm-8t,2.0,1972.015000104904,1941.0950000286102,1952.3700000047684,1.0100621296680894,0.9942249676157027
deeplabv3p-resnet50-human,wasm-8t,4.0,2137.420000076294,2112.7549999952316,2105.842500090599,1.014995186004811,1.003282534142195
deeplabv3p-resnet50-human,webgpu,1.0,,59.03999996185303,55.075000047683716,,1.0719927355558134
deeplabv3p-resnet50-human,webgpu,2.0,190.88499999046329,132.87999999523163,122.12750005722046,1.5629976860332673,1.0880432329571414
deeplabv3p-resnet50-human,webgpu,4.0,339.835000038147,229.60749995708466,237.88499999046326,1.4285684261377172,0.9652037747915571
deeplabv3p-resnet50-human,webgpu-native,1.0,,60.05999994277954,56.139999985694885,,1.0698254356623356
deeplabv3p-resnet50-human,webgpu-native,2.0,149.42499995231628,123.62249994277954,118.075000166893,1.2655092080551484,1.0469828479190806
deeplabv3p-resnet50-human,webgpu-native,4.0,312.25999999046326,231.78750014305115,230.9574999809265,1.352023640783482,1.0035937354803077
resnet50-v2,wasm-8t,1.0,,53.25999999046326,54.71999990940094,,0.9733187148875186
resnet50-v2,wasm-8t,2.0,178.79999995231628,185.54499995708466,181.0425000190735,0.9876134053246008,1.024869850656817
resnet50-v2,wasm-8t,4.0,245.6200001239777,249.49500012397766,239.1900000572205,1.0268823950216104,1.0430829050725028
resnet50-v2,wasm-8t,8.0,356.0499999523163,355.90499997138977,368.78750002384186,0.9654611393534159,0.9650679590506206
resnet50-v2,webgpu,1.0,,8.549999952316284,8.757500052452087,,0.9763060121161286
resnet50-v2,webgpu,2.0,13.089999914169312,11.820000052452087,11.850000143051147,1.1046413296328357,0.9974683468154512
resnet50-v2,webgpu,4.0,34.47500014305115,19.18999993801117,19.170000076293945,1.7983828902371113,1.0010432896002937
resnet50-v2,webgpu,8.0,42.44000005722046,33.514999866485596,33.37000012397766,1.2718010158689106,1.004345212525299
resnet50-v2,webgpu-native,1.0,,11.674999952316284,11.242500066757202,,1.0384700807641474
resnet50-v2,webgpu-native,2.0,14.84000015258789,13.835000038146973,14.399999856948853,1.0305555763895866,0.960763901082316
resnet50-v2,webgpu-native,4.0,35.83500003814697,21.30750000476837,21.692500114440918,1.6519534331725667,0.982251925428538
resnet50-v2,webgpu-native,8.0,40.670000076293945,37.5074999332428,36.03500008583069,1.128624947396234,1.040863045480916
