model,backend,all_p50,primary_p50,all_over_primary,lo,hi
bert_Opset17,wasm-8t,116.0625,103.10000014305115,1.1257274475166188,1.1094217435014053,1.1407311962028228
bert_Opset17,webgpu,31.045000076293945,30.352500081062317,1.022815253879653,1.0204741179860566,1.0261124575320006
bert_Opset17,webgpu-native,14.365000009536743,12.68500006198883,1.132439884851251,1.1195892653452757,1.1429135468156955
gpt2lmhead_Opset18,wasm-8t,152.3825000524521,159.48249983787537,0.9554810101883222,0.9448211103819243,0.9686981072469462
gpt2lmhead_Opset18,webgpu,110.42999994754791,46.235000014305115,2.3884503063346134,2.380504154743137,2.3956086166364345
gpt2lmhead_Opset18,webgpu-native,114.1599999666214,30.360000014305115,3.7602108008178905,3.7407746568418356,3.783177487906082
mobilebert_Opset17,wasm-8t,42.9174998998642,44.19499981403351,0.9710940169805441,0.957927718956479,0.9818895371867796
mobilebert_Opset17,webgpu,17.4375,16.037500023841858,1.0872953997865538,1.0671485890675831,1.106728702557374
mobilebert_Opset17,webgpu-native,26.5,23.52999997138977,1.1262218458232667,1.1189265027781152,1.135996602276864
