model,backend,process,cpu_ms_per_inference,cores_busy
adv_inception_v3_Opset17,wasm-1t,browser,0.785175879396985,0.0030104911335462007
adv_inception_v3_Opset17,wasm-1t,crashpad-handler,0.0,0.0
adv_inception_v3_Opset17,wasm-1t,gpu-process,4.868090452261306,0.018691306858774112
adv_inception_v3_Opset17,wasm-1t,renderer,263.42650753768845,1.0103208244181048
adv_inception_v3_Opset17,wasm-1t,utility,0.314070351758794,0.0012058907650822008
adv_inception_v3_Opset17,wasm-4t,browser,0.3925879396984925,0.004796120226503972
adv_inception_v3_Opset17,wasm-4t,crashpad-handler,0.0,0.0
adv_inception_v3_Opset17,wasm-4t,gpu-process,1.4918341708542713,0.0172660328154143
adv_inception_v3_Opset17,wasm-4t,renderer,358.04020100502515,4.002841941040215
adv_inception_v3_Opset17,wasm-4t,utility,0.07891414141414141,0.0008250575123097936
adv_inception_v3_Opset17,wasm-8t,browser,0.31725888324873097,0.005219671293647004
adv_inception_v3_Opset17,wasm-8t,crashpad-handler,0.0,0.0
adv_inception_v3_Opset17,wasm-8t,gpu-process,1.1897208121827412,0.019573767351176264
adv_inception_v3_Opset17,wasm-8t,renderer,520.1005025125628,7.981478667878378
adv_inception_v3_Opset17,wasm-8t,utility,0.15862944162436549,0.002609835646823502
adv_inception_v3_Opset17,webgl,browser,0.15782828282828282,0.00225527762273723
adv_inception_v3_Opset17,webgl,crashpad-handler,0.0,0.0
adv_inception_v3_Opset17,webgl,gpu-process,70.54924242424242,1.0081090973635416
adv_inception_v3_Opset17,webgl,renderer,3.331218274111675,0.04769308731814726
adv_inception_v3_Opset17,webgl,utility,0.0,0.0
adv_inception_v3_Opset17,webgpu,browser,2.5906735751295336,0.19838746253232878
adv_inception_v3_Opset17,webgpu,crashpad-handler,0.0,0.0
adv_inception_v3_Opset17,webgpu,gpu-process,2.4967783505154637,0.19805018396007132
adv_inception_v3_Opset17,webgpu,renderer,5.262305699481865,0.40297453326879284
adv_inception_v3_Opset17,webgpu,utility,0.0,0.0
adv_inception_v3_Opset17,webgpu-capture,browser,1.753826530612245,0.14364617661419843
adv_inception_v3_Opset17,webgpu-capture,crashpad-handler,0.0,0.0
adv_inception_v3_Opset17,webgpu-capture,gpu-process,1.594387755102041,0.13058743328563494
adv_inception_v3_Opset17,webgpu-capture,renderer,2.980025773195876,0.25116164914351014
adv_inception_v3_Opset17,webgpu-capture,utility,0.0,0.0
adv_inception_v3_Opset17,webgpu-gpuio,browser,1.6826923076923077,0.13337253797916987
adv_inception_v3_Opset17,webgpu-gpuio,crashpad-handler,0.0,0.0
adv_inception_v3_Opset17,webgpu-gpuio,gpu-process,2.899484536082474,0.23639259968041856
adv_inception_v3_Opset17,webgpu-gpuio,renderer,4.671391752577319,0.36699551587240775
adv_inception_v3_Opset17,webgpu-gpuio,utility,0.0,0.0
adv_inception_v3_Opset17,webgpu-native,browser,0.08138020833333333,0.005339985620419972
adv_inception_v3_Opset17,webgpu-native,crashpad-handler,0.0,0.0
adv_inception_v3_Opset17,webgpu-native,gpu-process,4.475911458333333,0.29369920912309844
adv_inception_v3_Opset17,webgpu-native,renderer,8.589659685863875,0.5728103790513016
adv_inception_v3_Opset17,webgpu-native,utility,0.0,0.0
alexnet_Opset16,wasm-1t,browser,0.157035175879397,0.003945112269419361
alexnet_Opset16,wasm-1t,crashpad-handler,0.0,0.0
alexnet_Opset16,wasm-1t,gpu-process,0.785175879396985,0.019725561347096802
alexnet_Opset16,wasm-1t,renderer,41.5358040201005,1.0434821952614208
alexnet_Opset16,wasm-1t,utility,0.0,0.0
alexnet_Opset16,wasm-4t,browser,0.0,0.0
alexnet_Opset16,wasm-4t,crashpad-handler,0.0,0.0
alexnet_Opset16,wasm-4t,gpu-process,0.32051282051282054,0.021284083737239008
alexnet_Opset16,wasm-4t,renderer,60.825892857142854,4.07058101474696
alexnet_Opset16,wasm-4t,utility,0.0,0.0
alexnet_Opset16,wasm-8t,browser,0.0,0.0
alexnet_Opset16,wasm-8t,crashpad-handler,0.0,0.0
alexnet_Opset16,wasm-8t,gpu-process,0.4832474226804124,0.0357439160643491
alexnet_Opset16,wasm-8t,renderer,107.84471649484536,7.976850601693909
alexnet_Opset16,wasm-8t,utility,0.0,0.0
alexnet_Opset16,webgl,browser,0.23794416243654823,0.027490523286406148
alexnet_Opset16,webgl,crashpad-handler,0.0,0.0
alexnet_Opset16,webgl,gpu-process,8.689413265306122,1.0047573300763217
alexnet_Opset16,webgl,renderer,0.7931472081218274,0.09163507762135384
alexnet_Opset16,webgl,utility,0.0,0.0
alexnet_Opset16,webgpu,browser,0.0,0.0
alexnet_Opset16,webgpu,crashpad-handler,0.0,0.0
alexnet_Opset16,webgpu,gpu-process,0.78125,0.147600908668094
alexnet_Opset16,webgpu,renderer,2.314814814814815,0.44012593510842307
alexnet_Opset16,webgpu,utility,0.0,0.0
alexnet_Opset16,webgpu-capture,browser,0.0,0.0
alexnet_Opset16,webgpu-capture,crashpad-handler,0.0,0.0
alexnet_Opset16,webgpu-capture,gpu-process,0.6179378531073446,0.14008308678084688
alexnet_Opset16,webgpu-capture,renderer,1.053370786516854,0.24114407793475168
alexnet_Opset16,webgpu-capture,utility,0.0,0.0
alexnet_Opset16,webgpu-gpuio,browser,0.0,0.0
alexnet_Opset16,webgpu-gpuio,crashpad-handler,0.0,0.0
alexnet_Opset16,webgpu-gpuio,gpu-process,0.45955882352941174,0.08929769871458754
alexnet_Opset16,webgpu-gpuio,renderer,1.3786764705882353,0.2678930961437626
alexnet_Opset16,webgpu-gpuio,utility,0.0,0.0
alexnet_Opset16,webgpu-native,browser,0.0,0.0
alexnet_Opset16,webgpu-native,crashpad-handler,0.0,0.0
alexnet_Opset16,webgpu-native,gpu-process,0.9934971098265896,0.1642239520167471
alexnet_Opset16,webgpu-native,renderer,3.1591530054644807,0.5442454547000697
alexnet_Opset16,webgpu-native,utility,0.0,0.0
bert_Opset17,wasm-1t,browser,8.32286432160804,0.017149586535451095
bert_Opset17,wasm-1t,crashpad-handler,0.0,0.0
bert_Opset17,wasm-1t,gpu-process,7.5376884422110555,0.015531701013238728
bert_Opset17,wasm-1t,renderer,487.43718592964825,1.0043833321894378
bert_Opset17,wasm-1t,utility,1.4918341708542713,0.0031066393002742577
bert_Opset17,wasm-4t,browser,0.785175879396985,0.005040889053410906
bert_Opset17,wasm-4t,crashpad-handler,0.0,0.0
bert_Opset17,wasm-4t,gpu-process,3.062185929648241,0.01922875349466802
bert_Opset17,wasm-4t,renderer,622.0948492462312,3.9866507712232395
bert_Opset17,wasm-4t,utility,0.23555276381909548,0.0014791348842052323
bert_Opset17,wasm-8t,browser,0.3925879396984925,0.003697711570662962
bert_Opset17,wasm-8t,crashpad-handler,0.0,0.0
bert_Opset17,wasm-8t,gpu-process,2.434045226130653,0.02054099961263029
bert_Opset17,wasm-8t,renderer,913.9447236180905,7.944065946962083
bert_Opset17,wasm-8t,utility,0.157035175879397,0.0013643943825879313
bert_Opset17,webgpu,browser,2.391581632653061,0.07636149563852568
bert_Opset17,webgpu,crashpad-handler,0.0,0.0
bert_Opset17,webgpu,gpu-process,5.739795918367347,0.17745278997145272
bert_Opset17,webgpu,renderer,6.855867346938775,0.21195749913256853
bert_Opset17,webgpu,utility,0.23915816326530612,0.007600201832859923
bert_Opset17,webgpu-capture,browser,2.072704081632653,0.06983472043805844
bert_Opset17,webgpu-capture,crashpad-handler,0.0,0.0
bert_Opset17,webgpu-capture,gpu-process,3.4455128205128207,0.11580657490987434
bert_Opset17,webgpu-capture,renderer,3.2519035532994924,0.10412699239103114
bert_Opset17,webgpu-capture,utility,0.15862944162436549,0.005079365482489324
bert_Opset17,webgpu-gpuio,browser,2.471301020408163,0.0817473952797106
bert_Opset17,webgpu-gpuio,crashpad-handler,0.0,0.0
bert_Opset17,webgpu-gpuio,gpu-process,4.862882653061225,0.15583097225194834
bert_Opset17,webgpu-gpuio,renderer,5.978954081632653,0.19159545768682174
bert_Opset17,webgpu-gpuio,utility,0.0,0.0
bert_Opset17,webgpu-native,browser,0.16447368421052633,0.01160073671928628
bert_Opset17,webgpu-native,crashpad-handler,0.0,0.0
bert_Opset17,webgpu-native,gpu-process,5.048076923076923,0.36168749823394775
bert_Opset17,webgpu-native,renderer,7.483552631578948,0.5259612067486313
bert_Opset17,webgpu-native,utility,0.0,0.0
deeplabv3p-resnet50-human,wasm-1t,browser,8.951005025125628,0.004536857044202888
deeplabv3p-resnet50-human,wasm-1t,crashpad-handler,0.0,0.0
deeplabv3p-resnet50-human,wasm-1t,gpu-process,30.543341708542712,0.015481029738551961
deeplabv3p-resnet50-human,wasm-1t,renderer,1976.837311557789,1.0019688579113695
deeplabv3p-resnet50-human,wasm-1t,utility,1.6488693467336684,0.0008432451451435989
deeplabv3p-resnet50-human,wasm-4t,browser,8.165829145728644,0.013761779629012816
deeplabv3p-resnet50-human,wasm-4t,crashpad-handler,0.0,0.0
deeplabv3p-resnet50-human,wasm-4t,gpu-process,10.207286432160805,0.01720222453626602
deeplabv3p-resnet50-human,wasm-4t,renderer,2292.5565326633164,3.9727875942485746
deeplabv3p-resnet50-human,wasm-4t,utility,1.8059045226130652,0.0031279380996689764
deeplabv3p-resnet50-human,wasm-8t,browser,9.971733668341708,0.025223105941486523
deeplabv3p-resnet50-human,wasm-8t,crashpad-handler,0.0,0.0
deeplabv3p-resnet50-human,wasm-8t,gpu-process,9.186557788944723,0.02342145551709463
deeplabv3p-resnet50-human,wasm-8t,renderer,3110.5527638190956,7.939791537191737
deeplabv3p-resnet50-human,wasm-8t,utility,2.434045226130653,0.006205684795127637
deeplabv3p-resnet50-human,webgl,browser,7.773241206030151,0.008092069027514864
deeplabv3p-resnet50-human,webgl,crashpad-handler,0.0,0.0
deeplabv3p-resnet50-human,webgl,gpu-process,491.52010050251255,0.5126232922737567
deeplabv3p-resnet50-human,webgl,renderer,697.0791457286432,0.7250160639191635
deeplabv3p-resnet50-human,webgl,utility,1.4133165829145728,0.0014712852777299752
deeplabv3p-resnet50-human,webgpu,browser,4.577020202020202,0.08359496545717303
deeplabv3p-resnet50-human,webgpu,crashpad-handler,0.0,0.0
deeplabv3p-resnet50-human,webgpu,gpu-process,7.26010101010101,0.1322710999530334
deeplabv3p-resnet50-human,webgpu,renderer,15.149111675126903,0.2713813854215092
deeplabv3p-resnet50-human,webgpu,utility,0.39457070707070707,0.007206462539411467
deeplabv3p-resnet50-human,webgpu-capture,browser,2.7243589743589745,0.12540932369910016
deeplabv3p-resnet50-human,webgpu-capture,crashpad-handler,0.0,0.0
deeplabv3p-resnet50-human,webgpu-capture,gpu-process,3.533291457286432,0.15997761202196203
deeplabv3p-resnet50-human,webgpu-capture,renderer,7.851758793969849,0.355505804493249
deeplabv3p-resnet50-human,webgpu-capture,utility,0.16025641025641027,0.007377019041123538
deeplabv3p-resnet50-human,webgpu-gpuio,browser,2.683080808080808,0.05332997929590997
deeplabv3p-resnet50-human,webgpu-gpuio,crashpad-handler,0.0,0.0
deeplabv3p-resnet50-human,webgpu-gpuio,gpu-process,6.124371859296482,0.12204086354472186
deeplabv3p-resnet50-human,webgpu-gpuio,renderer,10.756909547738694,0.21435382443111403
deeplabv3p-resnet50-human,webgpu-gpuio,utility,0.23555276381909548,0.004693879367104687
deeplabv3p-resnet50-human,webgpu-native,browser,5.103643216080402,0.09332442743108227
deeplabv3p-resnet50-human,webgpu-native,crashpad-handler,0.0,0.0
deeplabv3p-resnet50-human,webgpu-native,gpu-process,8.443813131313131,0.15307493679284495
deeplabv3p-resnet50-human,webgpu-native,renderer,17.74497487437186,0.32448185537576296
deeplabv3p-resnet50-human,webgpu-native,utility,0.5496231155778895,0.010050322954116552
efficientnet_b5_Opset17,wasm-1t,browser,7.851758793969849,0.010314056659577284
efficientnet_b5_Opset17,wasm-1t,crashpad-handler,0.0,0.0
efficientnet_b5_Opset17,wasm-1t,gpu-process,12.091708542713567,0.015806027354620413
efficientnet_b5_Opset17,wasm-1t,renderer,769.1582914572864,1.0054275582198804
efficientnet_b5_Opset17,wasm-1t,utility,1.57035175879397,0.0020463127447487963
efficientnet_b5_Opset17,wasm-4t,browser,0.47110552763819097,0.0018915110442374386
efficientnet_b5_Opset17,wasm-4t,crashpad-handler,0.0,0.0
efficientnet_b5_Opset17,wasm-4t,gpu-process,4.239949748743719,0.017023599398136947
efficientnet_b5_Opset17,wasm-4t,renderer,968.5144472361809,3.9742556504681867
efficientnet_b5_Opset17,wasm-4t,utility,0.157035175879397,0.0006305036814124795
efficientnet_b5_Opset17,wasm-8t,browser,0.7066582914572864,0.004364295835187338
efficientnet_b5_Opset17,wasm-8t,crashpad-handler,0.0,0.0
efficientnet_b5_Opset17,wasm-8t,gpu-process,3.847361809045226,0.023496255917323388
efficientnet_b5_Opset17,wasm-8t,renderer,1291.928391959799,7.968587363960817
efficientnet_b5_Opset17,wasm-8t,utility,0.3925879396984925,0.0023975771344207537
efficientnet_b5_Opset17,webgl,browser,0.23555276381909548,0.0027859397913719964
efficientnet_b5_Opset17,webgl,crashpad-handler,0.0,0.0
efficientnet_b5_Opset17,webgl,gpu-process,87.54711055276383,1.0354409557932587
efficientnet_b5_Opset17,webgl,renderer,5.810301507537688,0.06856331579723261
efficientnet_b5_Opset17,webgl,utility,0.23555276381909548,0.0027859397913719964
efficientnet_b5_Opset17,webgpu,browser,2.4463383838383836,0.07855876657034638
efficientnet_b5_Opset17,webgpu,crashpad-handler,0.0,0.0
efficientnet_b5_Opset17,webgpu,gpu-process,6.70770202020202,0.21230767909850415
efficientnet_b5_Opset17,webgpu,renderer,10.495580808080808,0.3370424501243893
efficientnet_b5_Opset17,webgpu,utility,0.15782828282828282,0.004995474802317744
efficientnet_b5_Opset17,webgpu-capture,browser,2.483974358974359,0.07930614161310771
efficientnet_b5_Opset17,webgpu-capture,crashpad-handler,0.0,0.0
efficientnet_b5_Opset17,webgpu-capture,gpu-process,5.128205128205129,0.16847821884300546
efficientnet_b5_Opset17,webgpu-capture,renderer,2.0135309278350517,0.06540580891063395
efficientnet_b5_Opset17,webgpu-capture,utility,0.0,0.0
efficientnet_b5_Opset17,webgpu-gpuio,browser,2.5910804020100504,0.08415797455982531
efficientnet_b5_Opset17,webgpu-gpuio,crashpad-handler,0.0,0.0
efficientnet_b5_Opset17,webgpu-gpuio,gpu-process,8.169416243654823,0.2656211701362022
efficientnet_b5_Opset17,webgpu-gpuio,renderer,11.421319796954315,0.37135386892828265
efficientnet_b5_Opset17,webgpu-gpuio,utility,0.314070351758794,0.010200966613312159
efficientnet_b5_Opset17,webgpu-native,browser,0.08012820512820513,0.002385337212885532
efficientnet_b5_Opset17,webgpu-native,crashpad-handler,0.0,0.0
efficientnet_b5_Opset17,webgpu-native,gpu-process,13.621794871794872,0.39873546617471706
efficientnet_b5_Opset17,webgpu-native,renderer,19.07051282051282,0.5582296526446039
efficientnet_b5_Opset17,webgpu-native,utility,0.0,0.0
gpt2lmhead_Opset18,wasm-1t,browser,7.930276381909548,0.011503652244080124
gpt2lmhead_Opset18,wasm-1t,crashpad-handler,0.0785175879396985,0.00011389754697109033
gpt2lmhead_Opset18,wasm-1t,gpu-process,10.678391959798995,0.015490066388068284
gpt2lmhead_Opset18,wasm-1t,renderer,693.3888190954774,1.0097281990928804
gpt2lmhead_Opset18,wasm-1t,utility,1.8059045226130652,0.002629798276428066
gpt2lmhead_Opset18,wasm-4t,browser,0.785175879396985,0.0036225649366132357
gpt2lmhead_Opset18,wasm-4t,crashpad-handler,0.0,0.0
gpt2lmhead_Opset18,wasm-4t,gpu-process,3.2192211055276383,0.01491491891365642
gpt2lmhead_Opset18,wasm-4t,renderer,863.536432160804,3.983738463986621
gpt2lmhead_Opset18,wasm-4t,utility,0.23555276381909548,0.0010867694809839708
gpt2lmhead_Opset18,wasm-8t,browser,0.5496231155778895,0.0037973531634732057
gpt2lmhead_Opset18,wasm-8t,crashpad-handler,0.0,0.0
gpt2lmhead_Opset18,wasm-8t,gpu-process,3.14070351758794,0.02100542413385221
gpt2lmhead_Opset18,wasm-8t,renderer,1194.7236180904522,7.984748744737445
gpt2lmhead_Opset18,wasm-8t,utility,0.23555276381909548,0.0016274370700599453
gpt2lmhead_Opset18,webgpu,browser,7.380653266331659,0.06657967630590457
gpt2lmhead_Opset18,webgpu,crashpad-handler,0.0,0.0
gpt2lmhead_Opset18,webgpu,gpu-process,15.15389447236181,0.1386519823680746
gpt2lmhead_Opset18,webgpu,renderer,22.22047738693467,0.20330834720292804
gpt2lmhead_Opset18,webgpu,utility,1.6488693467336684,0.01508648512813247
gpt2lmhead_Opset18,webgpu-capture,browser,2.905150753768844,0.06737598671463906
gpt2lmhead_Opset18,webgpu-capture,crashpad-handler,0.0,0.0
gpt2lmhead_Opset18,webgpu-capture,gpu-process,6.503807106598985,0.14982925660050267
gpt2lmhead_Opset18,webgpu-capture,renderer,7.930276381909548,0.18391823400482551
gpt2lmhead_Opset18,webgpu-capture,utility,0.314070351758794,0.007283890455636655
gpt2lmhead_Opset18,webgpu-gpuio,browser,2.9987373737373737,0.07006807205394873
gpt2lmhead_Opset18,webgpu-gpuio,crashpad-handler,0.07891414141414141,0.0018414300292410456
gpt2lmhead_Opset18,webgpu-gpuio,gpu-process,7.8125,0.18046014286562248
gpt2lmhead_Opset18,webgpu-gpuio,renderer,13.190954773869347,0.3056782898050235
gpt2lmhead_Opset18,webgpu-gpuio,utility,0.31565656565656564,0.007365720116964182
gpt2lmhead_Opset18,webgpu-native,browser,7.616206030150754,0.0671864418778267
gpt2lmhead_Opset18,webgpu-native,crashpad-handler,0.0,0.0
gpt2lmhead_Opset18,webgpu-native,gpu-process,17.902010050251256,0.15549603020510389
gpt2lmhead_Opset18,webgpu-native,renderer,30.857412060301506,0.2680260520640606
gpt2lmhead_Opset18,webgpu-native,utility,1.9629396984924623,0.017050003311963144
mobilebert_Opset17,wasm-1t,browser,0.9422110552763819,0.007556206294467426
mobilebert_Opset17,wasm-1t,crashpad-handler,0.0,0.0
mobilebert_Opset17,wasm-1t,gpu-process,2.3555276381909547,0.018890515736168564
mobilebert_Opset17,wasm-1t,renderer,125.1570351758794,1.0117578019545823
mobilebert_Opset17,wasm-1t,utility,0.3925879396984925,0.0031484192893614276
mobilebert_Opset17,wasm-4t,browser,0.15782828282828282,0.0031270903255154444
mobilebert_Opset17,wasm-4t,crashpad-handler,0.0,0.0
mobilebert_Opset17,wasm-4t,gpu-process,0.7102272727272727,0.014472233086168029
mobilebert_Opset17,wasm-4t,renderer,203.36174242424244,4.02925588442665
mobilebert_Opset17,wasm-4t,utility,0.15782828282828282,0.0031270903255154444
mobilebert_Opset17,wasm-8t,browser,0.07931472081218274,0.0017502681328735743
mobilebert_Opset17,wasm-8t,crashpad-handler,0.0,0.0
mobilebert_Opset17,wasm-8t,gpu-process,1.0416666666666667,0.025284793539783877
mobilebert_Opset17,wasm-8t,renderer,338.699494949495,8.045982606819821
mobilebert_Opset17,wasm-8t,utility,0.07891414141414141,0.0018720946882092113
mobilebert_Opset17,webgpu,browser,0.15862944162436549,0.0084449635457974
mobilebert_Opset17,webgpu,crashpad-handler,0.0,0.0
mobilebert_Opset17,webgpu,gpu-process,13.88007614213198,0.7389343102572725
mobilebert_Opset17,webgpu,renderer,20.383883248730964,1.0851778156349658
mobilebert_Opset17,webgpu,utility,0.0,0.0
mobilebert_Opset17,webgpu-capture,browser,2.7281746031746033,0.2049865700796866
mobilebert_Opset17,webgpu-capture,crashpad-handler,0.0,0.0
mobilebert_Opset17,webgpu-capture,gpu-process,8.597883597883598,0.6460182814632547
mobilebert_Opset17,webgpu-capture,renderer,5.73470744680851,0.42617082617499524
mobilebert_Opset17,webgpu-capture,utility,0.16447368421052633,0.011746394246983174
mobilebert_Opset17,webgpu-gpuio,browser,0.08095854922279792,0.005327225669103706
mobilebert_Opset17,webgpu-gpuio,crashpad-handler,0.0,0.0
mobilebert_Opset17,webgpu-gpuio,gpu-process,13.196243523316062,0.868337784063904
mobilebert_Opset17,webgpu-gpuio,renderer,18.701424870466322,1.230589129562956
mobilebert_Opset17,webgpu-gpuio,utility,0.0,0.0
mobilebert_Opset17,webgpu-native,browser,0.08054123711340207,0.002996171501418523
mobilebert_Opset17,webgpu-native,crashpad-handler,0.0,0.0
mobilebert_Opset17,webgpu-native,gpu-process,18.927190721649485,0.6921397564185466
mobilebert_Opset17,webgpu-native,renderer,27.935606060606062,1.0259954036321985
mobilebert_Opset17,webgpu-native,utility,0.0,0.0
mobilenetv2-7,wasm-1t,browser,0.08012820512820513,0.0027698789342181017
mobilenetv2-7,wasm-1t,crashpad-handler,0.0,0.0
mobilenetv2-7,wasm-1t,gpu-process,0.5608974358974359,0.01938915253952671
mobilenetv2-7,wasm-1t,renderer,29.807692307692307,1.0319412846326772
mobilenetv2-7,wasm-1t,utility,0.0,0.0
mobilenetv2-7,wasm-4t,browser,0.0,0.0
mobilenetv2-7,wasm-4t,crashpad-handler,0.0,0.0
mobilenetv2-7,wasm-4t,gpu-process,0.23794416243654823,0.019548150607504595
mobilenetv2-7,wasm-4t,renderer,50.69813829787234,4.190683843604194
mobilenetv2-7,wasm-4t,utility,0.0,0.0
mobilenetv2-7,wasm-8t,browser,0.0,0.0
mobilenetv2-7,wasm-8t,crashpad-handler,0.0,0.0
mobilenetv2-7,wasm-8t,gpu-process,0.0,0.0
mobilenetv2-7,wasm-8t,renderer,66.56901041666667,8.315519487089713
mobilenetv2-7,wasm-8t,utility,0.0,0.0
mobilenetv2-7,webgl,browser,0.08585164835164835,0.016694547430383084
mobilenetv2-7,webgl,crashpad-handler,0.0,0.0
mobilenetv2-7,webgl,gpu-process,4.464285714285714,0.90152628399881
mobilenetv2-7,webgl,renderer,2.0535714285714284,0.40066913832919404
mobilenetv2-7,webgl,utility,0.0,0.0
mobilenetv2-7,webgpu,browser,0.0,0.0
mobilenetv2-7,webgpu,crashpad-handler,0.0,0.0
mobilenetv2-7,webgpu,gpu-process,1.4054232804232805,0.32317490831991225
mobilenetv2-7,webgpu,renderer,3.0924479166666665,0.7351994565228155
mobilenetv2-7,webgpu,utility,0.0,0.0
mobilenetv2-7,webgpu-capture,browser,0.0,0.0
mobilenetv2-7,webgpu-capture,crashpad-handler,0.0,0.0
mobilenetv2-7,webgpu-capture,gpu-process,0.8877840909090909,0.2873087208521936
mobilenetv2-7,webgpu-capture,renderer,1.3392857142857142,0.427923334860039
mobilenetv2-7,webgpu-capture,utility,0.0,0.0
mobilenetv2-7,webgpu-gpuio,browser,0.09412650602409639,0.0238579942360577
mobilenetv2-7,webgpu-gpuio,crashpad-handler,0.0,0.0
mobilenetv2-7,webgpu-gpuio,gpu-process,1.223644578313253,0.3101539250687501
mobilenetv2-7,webgpu-gpuio,renderer,3.453038674033149,0.8172923742151919
mobilenetv2-7,webgpu-gpuio,utility,0.0,0.0
mobilenetv2-7,webgpu-native,browser,0.08267195767195767,0.013292790322848644
mobilenetv2-7,webgpu-native,crashpad-handler,0.0,0.0
mobilenetv2-7,webgpu-native,gpu-process,2.562830687830688,0.412076500008308
mobilenetv2-7,webgpu-native,renderer,6.6263089005235605,1.0156721902332069
mobilenetv2-7,webgpu-native,utility,0.0,0.0
mobilenetv3_large_100_Opset17,wasm-1t,browser,0.07931472081218274,0.00402070487102741
mobilenetv3_large_100_Opset17,wasm-1t,crashpad-handler,0.0,0.0
mobilenetv3_large_100_Opset17,wasm-1t,gpu-process,0.2416237113402062,0.01206211461308223
mobilenetv3_large_100_Opset17,wasm-1t,renderer,21.41497461928934,1.0855903151774007
mobilenetv3_large_100_Opset17,wasm-1t,utility,0.0,0.0
mobilenetv3_large_100_Opset17,wasm-4t,browser,0.0,0.0
mobilenetv3_large_100_Opset17,wasm-4t,crashpad-handler,0.0,0.0
mobilenetv3_large_100_Opset17,wasm-4t,gpu-process,0.0,0.0
mobilenetv3_large_100_Opset17,wasm-4t,renderer,32.90719696969697,4.325437728431606
mobilenetv3_large_100_Opset17,wasm-4t,utility,0.0,0.0
mobilenetv3_large_100_Opset17,wasm-8t,browser,0.0,0.0
mobilenetv3_large_100_Opset17,wasm-8t,crashpad-handler,0.0,0.0
mobilenetv3_large_100_Opset17,wasm-8t,gpu-process,0.17755681818181818,0.026733427833215993
mobilenetv3_large_100_Opset17,wasm-8t,renderer,55.93039772727273,8.421029767463038
mobilenetv3_large_100_Opset17,wasm-8t,utility,0.0,0.0
mobilenetv3_large_100_Opset17,webgpu,browser,0.0,0.0
mobilenetv3_large_100_Opset17,webgpu,crashpad-handler,0.0,0.0
mobilenetv3_large_100_Opset17,webgpu,gpu-process,1.7857142857142858,0.3714977628869091
mobilenetv3_large_100_Opset17,webgpu,renderer,3.8213315217391304,0.8230041078764065
mobilenetv3_large_100_Opset17,webgpu,utility,0.0,0.0
mobilenetv3_large_100_Opset17,webgpu-capture,browser,0.0,0.0
mobilenetv3_large_100_Opset17,webgpu-capture,crashpad-handler,0.0,0.0
mobilenetv3_large_100_Opset17,webgpu-capture,gpu-process,1.3706140350877194,0.36279369283165014
mobilenetv3_large_100_Opset17,webgpu-capture,renderer,1.0051169590643274,0.2660487080765434
mobilenetv3_large_100_Opset17,webgpu-capture,utility,0.0,0.0
mobilenetv3_large_100_Opset17,webgpu-gpuio,browser,0.08223684210526316,0.017607362959005383
mobilenetv3_large_100_Opset17,webgpu-gpuio,crashpad-handler,0.0,0.0
mobilenetv3_large_100_Opset17,webgpu-gpuio,gpu-process,2.2069209039548023,0.440643162760365
mobilenetv3_large_100_Opset17,webgpu-gpuio,renderer,3.798342541436464,0.7747239701962368
mobilenetv3_large_100_Opset17,webgpu-gpuio,utility,0.0,0.0
mobilenetv3_large_100_Opset17,webgpu-native,browser,0.0,0.0
mobilenetv3_large_100_Opset17,webgpu-native,crashpad-handler,0.0,0.0
mobilenetv3_large_100_Opset17,webgpu-native,gpu-process,3.9285714285714284,0.5510466965949804
mobilenetv3_large_100_Opset17,webgpu-native,renderer,6.517857142857143,0.9294811855659848
mobilenetv3_large_100_Opset17,webgpu-native,utility,0.0,0.0
resnet50-v2,wasm-1t,browser,0.8636934673366834,0.004277430626409361
resnet50-v2,wasm-1t,crashpad-handler,0.0,0.0
resnet50-v2,wasm-1t,gpu-process,3.9258793969849246,0.019504394315658823
resnet50-v2,wasm-1t,renderer,204.22424623115577,1.011417914480977
resnet50-v2,wasm-1t,utility,0.3925879396984925,0.0019442866483678912
resnet50-v2,wasm-4t,browser,0.23674242424242425,0.003801716035216484
resnet50-v2,wasm-4t,crashpad-handler,0.0,0.0
resnet50-v2,wasm-4t,gpu-process,1.099246231155779,0.015634811836871747
resnet50-v2,wasm-4t,renderer,264.8318527918782,3.9803966888716587
resnet50-v2,wasm-4t,utility,0.0785175879396985,0.0011167722740622677
resnet50-v2,wasm-8t,browser,0.314070351758794,0.006560136036720976
resnet50-v2,wasm-8t,crashpad-handler,0.0,0.0
resnet50-v2,wasm-8t,gpu-process,1.2626262626262625,0.02555701010230086
resnet50-v2,wasm-8t,renderer,393.5448232323232,7.974132040381735
resnet50-v2,wasm-8t,utility,0.0785175879396985,0.0015989837658676028
resnet50-v2,webgl,browser,0.07971938775510204,0.0030187087303603518
resnet50-v2,webgl,crashpad-handler,0.0,0.0
resnet50-v2,webgl,gpu-process,27.4234693877551,1.0313329024902766
resnet50-v2,webgl,renderer,1.9035532994923858,0.07245209541507008
resnet50-v2,webgl,utility,0.0,0.0
resnet50-v2,webgpu,browser,0.0,0.0
resnet50-v2,webgpu,crashpad-handler,0.0,0.0
resnet50-v2,webgpu,gpu-process,1.6134510869565217,0.18866858934854103
resnet50-v2,webgpu,renderer,3.4628378378378377,0.40465688519680604
resnet50-v2,webgpu,utility,0.0,0.0
resnet50-v2,webgpu-capture,browser,0.0,0.0
resnet50-v2,webgpu-capture,crashpad-handler,0.0,0.0
resnet50-v2,webgpu-capture,gpu-process,0.9655898876404494,0.12811245944621935
resnet50-v2,webgpu-capture,renderer,1.228932584269663,0.1630522211133701
resnet50-v2,webgpu-capture,utility,0.0,0.0
resnet50-v2,webgpu-gpuio,browser,0.08138020833333333,0.009575939972023292
resnet50-v2,webgpu-gpuio,crashpad-handler,0.0,0.0
resnet50-v2,webgpu-gpuio,gpu-process,2.1158854166666665,0.2489744392726056
resnet50-v2,webgpu-gpuio,renderer,3.5929144385026737,0.4205195831171778
resnet50-v2,webgpu-gpuio,utility,0.0,0.0
resnet50-v2,webgpu-native,browser,0.0,0.0
resnet50-v2,webgpu-native,crashpad-handler,0.0,0.0
resnet50-v2,webgpu-native,gpu-process,2.8935185185185186,0.27051826710828775
resnet50-v2,webgpu-native,renderer,5.796370967741935,0.5365069533901079
resnet50-v2,webgpu-native,utility,0.0,0.0
vit_large_patch16_224_in21k_Opset18,wasm-4t,browser,9.108040201005025,0.011182902479679683
vit_large_patch16_224_in21k_Opset18,wasm-4t,crashpad-handler,0.0,0.0
vit_large_patch16_224_in21k_Opset18,wasm-4t,gpu-process,13.819095477386934,0.016967162382962277
vit_large_patch16_224_in21k_Opset18,wasm-4t,renderer,3241.5986180904524,3.980052835117032
vit_large_patch16_224_in21k_Opset18,wasm-4t,utility,1.8059045226130652,0.002277773570911554
vit_large_patch16_224_in21k_Opset18,wasm-8t,browser,10.4428391959799,0.017757906465330587
vit_large_patch16_224_in21k_Opset18,wasm-8t,crashpad-handler,0.0,0.0
vit_large_patch16_224_in21k_Opset18,wasm-8t,gpu-process,12.56281407035176,0.021206084593123006
vit_large_patch16_224_in21k_Opset18,wasm-8t,renderer,4667.320979899498,7.945551647670015
vit_large_patch16_224_in21k_Opset18,wasm-8t,utility,1.9629396984924623,0.0033379523431072535
vit_large_patch16_224_in21k_Opset18,webgpu,browser,6.909547738693467,0.04571772456293446
vit_large_patch16_224_in21k_Opset18,webgpu,crashpad-handler,0.0,0.0
vit_large_patch16_224_in21k_Opset18,webgpu,gpu-process,13.269472361809045,0.0877988119447264
vit_large_patch16_224_in21k_Opset18,webgpu,renderer,12.955402010050252,0.0840076411632064
vit_large_patch16_224_in21k_Opset18,webgpu,utility,1.1777638190954773,0.00779074652134241
vit_large_patch16_224_in21k_Opset18,webgpu-capture,browser,5.339195979899498,0.03561023472185101
vit_large_patch16_224_in21k_Opset18,webgpu-capture,crashpad-handler,0.0,0.0
vit_large_patch16_224_in21k_Opset18,webgpu-capture,gpu-process,10.4428391959799,0.06963748534786239
vit_large_patch16_224_in21k_Opset18,webgpu-capture,renderer,4.5540201005025125,0.03037343549804939
vit_large_patch16_224_in21k_Opset18,webgpu-capture,utility,1.6488693467336684,0.011014906701076667
vit_large_patch16_224_in21k_Opset18,webgpu-gpuio,browser,5.967336683417085,0.03900963800315085
vit_large_patch16_224_in21k_Opset18,webgpu-gpuio,crashpad-handler,0.0,0.0
vit_large_patch16_224_in21k_Opset18,webgpu-gpuio,gpu-process,13.426507537688442,0.08777168550708941
vit_large_patch16_224_in21k_Opset18,webgpu-gpuio,renderer,12.170226130653266,0.08068593455459738
vit_large_patch16_224_in21k_Opset18,webgpu-gpuio,utility,1.6488693467336684,0.01077897892192326
vit_large_patch16_224_in21k_Opset18,webgpu-native,browser,6.75251256281407,0.13047793993539067
vit_large_patch16_224_in21k_Opset18,webgpu-native,crashpad-handler,0.0,0.0
vit_large_patch16_224_in21k_Opset18,webgpu-native,gpu-process,11.149497487437186,0.21544031942820321
vit_large_patch16_224_in21k_Opset18,webgpu-native,renderer,15.389447236180905,0.29843708328188484
vit_large_patch16_224_in21k_Opset18,webgpu-native,utility,1.6488693467336684,0.0318608923098047
yolov2-coco-9,wasm-1t,browser,8.40138190954774,0.012877029257766924
yolov2-coco-9,wasm-1t,crashpad-handler,0.0,0.0
yolov2-coco-9,wasm-1t,gpu-process,10.678391959798995,0.01636226066159143
yolov2-coco-9,wasm-1t,renderer,657.035175879397,1.007055895598071
yolov2-coco-9,wasm-1t,utility,1.8844221105527639,0.0028874577638102524
yolov2-coco-9,wasm-4t,browser,0.7066582914572864,0.003577339010661433
yolov2-coco-9,wasm-4t,crashpad-handler,0.0,0.0
yolov2-coco-9,wasm-4t,gpu-process,4.0043969849246235,0.02027158772708145
yolov2-coco-9,wasm-4t,renderer,758.7154522613065,3.9816446297897667
yolov2-coco-9,wasm-4t,utility,0.23555276381909548,0.0012581560869358859
yolov2-coco-9,wasm-8t,browser,0.628140703517588,0.004627110015261239
yolov2-coco-9,wasm-8t,crashpad-handler,0.0,0.0
yolov2-coco-9,wasm-8t,gpu-process,3.14070351758794,0.023135550076306195
yolov2-coco-9,wasm-8t,renderer,1080.1664572864322,7.95747229584741
yolov2-coco-9,wasm-8t,utility,0.0785175879396985,0.0005783887519076548
yolov2-coco-9,webgl,browser,0.7066582914572864,0.0027766750617701738
yolov2-coco-9,webgl,crashpad-handler,0.0,0.0
yolov2-coco-9,webgl,gpu-process,253.14070351758795,0.9963121924477125
yolov2-coco-9,webgl,renderer,8.715452261306533,0.03430231183675437
yolov2-coco-9,webgl,utility,0.23555276381909548,0.0009255583539233912
yolov2-coco-9,webgpu,browser,2.3118622448979593,0.13702222358719457
yolov2-coco-9,webgpu,crashpad-handler,0.0,0.0
yolov2-coco-9,webgpu,gpu-process,1.1957908163265305,0.06828470596854565
yolov2-coco-9,webgpu,renderer,3.108638743455497,0.1803323141937622
yolov2-coco-9,webgpu,utility,0.07971938775510204,0.004552313731236377
yolov2-coco-9,webgpu-capture,browser,2.2203947368421053,0.14227851298863675
yolov2-coco-9,webgpu-capture,crashpad-handler,0.0,0.0
yolov2-coco-9,webgpu-capture,gpu-process,0.8636934673366834,0.05552101265279714
yolov2-coco-9,webgpu-capture,renderer,0.9046052631578947,0.05796532010648164
yolov2-coco-9,webgpu-capture,utility,0.157035175879397,0.010094729573235843
yolov2-coco-9,webgpu-gpuio,browser,2.2435897435897436,0.13779359089098242
yolov2-coco-9,webgpu-gpuio,crashpad-handler,0.0,0.0
yolov2-coco-9,webgpu-gpuio,gpu-process,1.6741071428571428,0.10241566862191183
yolov2-coco-9,webgpu-gpuio,renderer,2.0833333333333335,0.12795119154162654
yolov2-coco-9,webgpu-gpuio,utility,0.08054123711340207,0.004906076612832441
yolov2-coco-9,webgpu-native,browser,2.367424242424242,0.09358075956188218
yolov2-coco-9,webgpu-native,crashpad-handler,0.0,0.0
yolov2-coco-9,webgpu-native,gpu-process,1.9828680203045685,0.07933529321258304
yolov2-coco-9,webgpu-native,renderer,4.679568527918781,0.18723129198169597
yolov2-coco-9,webgpu-native,utility,0.0,0.0
