model,backend,fetch_ms,session_create_ms,first_run_ms,steady_ms,first_run_overhead_ms,startup_ms
adv_inception_v3_Opset17,wasm-1t,173.84999990463257,436.0,280.9299998283386,258.46250009536743,28.767499804496765,715.914999961853
adv_inception_v3_Opset17,wasm-4t,215.9100000858307,465.4649999141693,134.97499990463257,89.20499992370605,40.36999988555908,600.4399998188019
adv_inception_v3_Opset17,wasm-8t,186.47500014305115,441.6949999332428,108.99500012397766,65.50999999046326,41.674999952316284,550.6900000572205
adv_inception_v3_Opset17,webgl,184.3899998664856,275.2900002002716,2552.6749999523163,69.7775000333786,2483.054999947548,2827.965000152588
adv_inception_v3_Opset17,webgpu,206.8150000572205,545.6549999713898,325.8149998188019,12.817499995231628,312.9599997997284,871.4699997901917
adv_inception_v3_Opset17,webgpu-capture,192.68499994277957,565.2750000953674,365.375,12.077499985694885,353.2975000143051,930.6500000953674
adv_inception_v3_Opset17,webgpu-gpuio,205.5,562.3399999141693,340.37999987602234,12.475000023841858,327.7449998855591,902.7199997901917
adv_inception_v3_Opset17,webgpu-native,184.5650000572205,548.6499998569489,491.8250000476837,14.980000019073486,476.65000009536743,1053.1149997711182
alexnet_Opset16,wasm-1t,481.5149998664856,546.7999999523163,53.7350001335144,39.75750005245209,13.97750008106231,600.5049998760223
alexnet_Opset16,wasm-4t,477.90499997138977,564.6200001239777,30.47499990463257,14.147500038146973,15.922499895095825,593.460000038147
alexnet_Opset16,wasm-8t,534.6849999427795,598.0299999713898,32.044999837875366,13.53249990940094,18.512499928474426,630.0749998092651
alexnet_Opset16,webgl,418.65499997138977,631.9950001239777,841.295000076294,8.595000147819519,832.7250000238419,1476.8499999046326
alexnet_Opset16,webgpu,547.0299999713898,625.8450000286102,190.11500000953677,5.320000052452087,184.79499995708468,815.960000038147
alexnet_Opset16,webgpu-capture,476.1150000095368,604.4800000190735,181.21000003814697,4.590000033378601,176.64250004291534,781.875
alexnet_Opset16,webgpu-gpuio,488.585000038147,607.5250000953674,181.63499999046329,4.995000123977661,176.68000006675723,790.2150001525879
alexnet_Opset16,webgpu-native,479.80999994277954,636.2000000476837,224.66499996185303,5.775000095367432,218.89999997615814,860.8650000095367
bert_Opset17,wasm-1t,901.7300000190736,863.8500001430511,512.5,480.02999997138977,36.20250010490423,1375.770000219345
bert_Opset17,wasm-4t,919.3900001049042,888.6999998092651,181.2350001335144,155.83499991893768,25.40000021457672,1069.9349999427795
bert_Opset17,wasm-8t,917.965000152588,907.8799998760225,156.08500003814697,119.42999994754791,37.875,1065.7649998664856
bert_Opset17,webgpu,766.829999923706,866.0,243.84499979019165,30.87249994277954,211.98499977588654,1109.8449997901917
bert_Opset17,webgpu-capture,851.914999961853,892.1500000953674,298.56500005722046,29.677500009536743,267.40749990940094,1190.715000152588
bert_Opset17,webgpu-gpuio,910.7200000286102,917.8200001716614,267.04500007629395,30.007500052452087,235.81500005722046,1184.8650002479553
bert_Opset17,webgpu-native,809.1050000190735,885.829999923706,317.5849997997284,14.460000038146973,303.5799996852875,1203.4149997234344
deeplabv3p-resnet50-human,wasm-1t,114.5849997997284,413.7000000476837,2132.335000038147,1947.1800000667572,176.66250002384186,2551.8550000190735
deeplabv3p-resnet50-human,wasm-4t,101.625,415.42500019073486,687.4449999332428,569.4174998998642,118.0275000333786,1106.4249999523163
deeplabv3p-resnet50-human,wasm-8t,94.17499995231628,395.3049998283386,468.0499999523163,380.39250004291534,95.65750026702881,863.3549997806549
deeplabv3p-resnet50-human,webgl,91.80000019073486,141.04500007629397,2357.4700000286102,959.3774999380112,1398.092500090599,2495.6500000953674
deeplabv3p-resnet50-human,webgpu,93.25499987602234,507.1600000858307,442.1850001811981,54.6175000667572,387.5675001144409,944.9049999713898
deeplabv3p-resnet50-human,webgpu-capture,100.18499994277954,485.0250000953674,478.5750000476837,21.337499856948853,457.23750019073486,963.6000001430511
deeplabv3p-resnet50-human,webgpu-gpuio,99.3050000667572,474.69999980926514,428.0649998188019,49.894999980926514,378.16499972343445,905.8499999046326
deeplabv3p-resnet50-human,webgpu-native,94.49500012397766,493.6899998188019,535.1599998474121,54.4449999332428,480.7149999141693,1027.2049996852875
efficientnet_b5_Opset17,wasm-1t,225.90499997138977,518.4450001716614,812.7799999713898,753.9049999713898,59.112499952316284,1328.5150001049042
efficientnet_b5_Opset17,wasm-4t,236.52499985694885,516.329999923706,280.4800000190735,245.31499993801117,37.514999985694885,796.8099999427795
efficientnet_b5_Opset17,wasm-8t,232.8399999141693,525.8849999904633,242.1300001144409,164.26250004768372,80.08250010013577,766.9300000667572
efficientnet_b5_Opset17,webgl,265.9100000858307,370.125,3972.34500002861,84.31250011920929,3888.0900001525874,4354.034999847412
efficientnet_b5_Opset17,webgpu,252.72500014305115,679.7750000953674,381.835000038147,31.049999952316284,350.59500002861023,1065.5550000667572
efficientnet_b5_Opset17,webgpu-capture,248.1200001239777,649.0099999904633,412.9849998950958,30.95000004768372,382.0349998474121,1061.994999885559
efficientnet_b5_Opset17,webgpu-gpuio,263.72000002861023,670.3249998092651,372.4900000095368,30.549999952316284,342.1150000095368,1042.8149998188019
efficientnet_b5_Opset17,webgpu-native,241.29999995231628,655.7700002193451,572.829999923706,33.579999923706055,539.009999871254,1256.1000001430511
gpt2lmhead_Opset18,wasm-1t,1225.564999818802,1029.5800001621246,701.8799998760223,679.3149999380112,16.862499833106995,1731.460000038147
gpt2lmhead_Opset18,wasm-4t,1162.9300000667572,1018.4950001239775,241.90000009536743,211.4574999809265,30.442500114440918,1257.920000076294
gpt2lmhead_Opset18,wasm-8t,1207.6150000095367,1029.909999847412,208.8000001907349,150.17750000953674,51.32249999046326,1238.710000038147
gpt2lmhead_Opset18,webgpu,1183.0499999523165,1063.1349999904633,450.3599998950958,110.45000004768372,339.28250002861023,1509.0350000858307
gpt2lmhead_Opset18,webgpu-capture,1277.0800001621246,1087.5550000667572,516.4099998474121,42.90750002861023,473.5024998188019,1648.7999999523163
gpt2lmhead_Opset18,webgpu-gpuio,1338.0249998569489,1123.2999999523165,402.75999999046326,42.875,359.88499999046326,1526.0599999427798
gpt2lmhead_Opset18,webgpu-native,1394.6499998569489,1167.6900000572205,482.44000005722046,114.9575001001358,370.85750007629395,1650.130000114441
mobilebert_Opset17,wasm-1t,181.12999987602237,761.2599999904633,149.49000000953674,123.61000001430511,26.764999985694885,911.8849999904633
mobilebert_Opset17,wasm-4t,185.8399999141693,768.2699999809265,82.93499994277954,49.66250002384186,33.27249991893768,852.0499999523163
mobilebert_Opset17,wasm-8t,187.20499992370603,765.5650000572205,76.26500010490417,42.169999957084656,35.31000006198883,843.2550001144409
mobilebert_Opset17,webgpu,184.875,822.585000038147,258.00499987602234,17.522499918937683,241.20999991893768,1078.5099999904633
mobilebert_Opset17,webgpu-capture,209.36500000953677,853.1900000572205,300.74000000953674,13.342499852180481,286.9175000190735,1153.9300000667572
mobilebert_Opset17,webgpu-gpuio,189.98499989509585,826.6150000095367,250.8700001239777,14.402500033378601,236.5500000715256,1070.005000114441
mobilebert_Opset17,webgpu-native,194.03999996185303,855.289999961853,313.90000009536743,26.14000010490418,285.8825000524521,1178.454999923706
mobilenetv2-7,wasm-1t,44.30000019073486,375.82999992370605,49.09999990463257,28.56499993801117,20.5349999666214,423.15000009536743
mobilenetv2-7,wasm-4t,43.75,419.44999980926514,44.25999999046326,12.392500042915344,31.867499947547913,463.7099997997284
mobilenetv2-7,wasm-8t,40.31000018119812,392.31500005722046,36.420000076293945,8.31249988079071,27.920000195503235,430.6400001049042
mobilenetv2-7,webgl,39.75499987602234,76.0,1304.5250000953674,5.045000076293945,1299.4175000190735,1380.5250000953674
mobilenetv2-7,webgpu,43.98499989509583,474.83000016212463,229.9250001907349,4.150000095367432,225.72250020504,707.3350002765656
mobilenetv2-7,webgpu-capture,39.53500008583069,451.22499990463257,211.0750000476837,2.865000009536743,208.1850001811981,660.0949997901917
mobilenetv2-7,webgpu-gpuio,46.3600001335144,455.27999997138977,208.50999999046329,3.774999976158142,204.7025001049042,669.3099999427795
mobilenetv2-7,webgpu-native,48.05999994277954,490.00999999046326,298.1949999332428,6.027500033378601,292.1674998998642,788.204999923706
mobilenetv3_large_100_Opset17,wasm-1t,46.5699999332428,398.3399999141693,42.47000002861023,19.57999992370605,22.89000010490418,440.80999994277954
mobilenetv3_large_100_Opset17,wasm-4t,43.60999989509583,401.45500016212463,32.95000004768372,7.214999914169311,25.829999923706062,432.04500007629395
mobilenetv3_large_100_Opset17,wasm-8t,44.13000011444092,421.4800000190735,32.78999996185303,6.662500023841858,26.47000002861023,453.29500007629395
mobilenetv3_large_100_Opset17,webgpu,44.3199999332428,465.0550000667572,318.61500000953674,4.460000038146973,314.2150000333786,789.6349999904633
mobilenetv3_large_100_Opset17,webgpu-capture,49.32500004768372,502.7349998950958,348.9249999523163,3.5749999284744263,345.35000002384186,856.8599998950958
mobilenetv3_large_100_Opset17,webgpu-gpuio,48.91000008583069,493.20500016212463,338.61500000953674,4.674999952316284,333.94000005722046,831.8200001716614
mobilenetv3_large_100_Opset17,webgpu-native,49.99500012397766,508.289999961853,409.9649999141693,7.4374998807907104,402.5275000333786,918.2549998760223
resnet50-v2,wasm-1t,212.91499996185303,481.97000002861023,226.0350000858307,199.92499995231628,29.920000195503235,721.0299999713898
resnet50-v2,wasm-4t,198.03999996185303,459.6600000858307,99.8899998664856,64.54499983787537,29.707499742507935,559.5499999523163
resnet50-v2,wasm-8t,223.6900000572205,491.6100001335144,87.64499998092651,49.387499928474426,37.15000009536743,579.2550001144409
resnet50-v2,webgl,230.65499997138977,358.0899999141693,1404.9749999046326,26.212499976158142,1378.8999998569489,1763.0649998188019
resnet50-v2,webgpu,200.6399998664856,560.0950000286102,308.6599998474121,8.474999904632568,300.18499994277954,868.7549998760223
resnet50-v2,webgpu-capture,202.61500000953677,563.6800000667572,320.99000000953674,7.520000100135803,313.46999990940094,884.670000076294
resnet50-v2,webgpu-gpuio,219.6050000190735,610.7149999141693,333.7550001144409,8.487499952316284,325.26750016212463,942.8949999809265
resnet50-v2,webgpu-native,190.0550000667572,580.3499999046326,388.4750001430512,10.605000019073486,377.92250013351446,968.8250000476837
vit_large_patch16_224_in21k_Opset18,wasm-4t,2792.164999961853,2067.8399999141693,995.7400000095367,792.3875000476837,195.56500005722046,3063.579999923706
vit_large_patch16_224_in21k_Opset18,wasm-8t,2287.984999895096,1943.2750000953677,643.1399998664856,593.2825000286102,77.52999997138977,2585.9900000095367
vit_large_patch16_224_in21k_Opset18,webgpu,2331.9450001716614,1632.7350001335144,791.7349998950958,151.17249989509583,640.5625,2424.4700000286102
vit_large_patch16_224_in21k_Opset18,webgpu-capture,2079.5299999713898,1689.1500000953674,950.0650000572203,149.5624998807907,800.5025001764296,2611.9000000953674
vit_large_patch16_224_in21k_Opset18,webgpu-gpuio,2319.355000019073,1623.5049998760223,745.0150001049042,150.96000003814697,594.0475000143051,2367.9000000953674
vit_large_patch16_224_in21k_Opset18,webgpu-native,2367.164999961853,1733.3849999904633,661.4400000572205,51.389999985694885,609.75,2388.4900000095367
yolov2-coco-9,wasm-1t,417.2400000095368,542.954999923706,681.335000038147,646.4975000619888,38.139999985694885,1224.289999961853
yolov2-coco-9,wasm-4t,384.4650001525879,540.960000038147,244.9850001335144,188.62250006198883,53.922500133514376,783.4900002479553
yolov2-coco-9,wasm-8t,358.19000005722046,576.0349998474121,181.625,136.5199999809265,45.105000019073486,757.875
yolov2-coco-9,webgl,380.90499997138977,531.9550001621246,1200.8199999332428,253.08749997615817,947.7324999570847,1732.7750000953674
yolov2-coco-9,webgpu,457.6449999809265,707.3450000286102,285.72499990463257,17.037500023841858,268.27999997138977,993.0699999332428
yolov2-coco-9,webgpu-capture,383.3899998664856,676.6349999904633,286.82999992370605,15.495000004768372,271.3349999189377,960.6349999904633
yolov2-coco-9,webgpu-gpuio,438.5750000476837,698.0099999904633,284.960000038147,16.259999990463257,268.68999993801117,982.9700000286102
yolov2-coco-9,webgpu-native,387.58000016212463,704.3150000572205,333.6749999523163,25.21750009059906,308.36499989032745,1086.369999885559
