model,backend,trial,measured_runs,window_s,window_ok,energy_j,mean_power_w,idle_power_w,energy_per_inference_mj,dynamic_energy_per_inference_mj,gpu_util_mean_pct,mem_util_mean_pct,util_samples,sm_clock_mean_mhz,mem_clock_mean_mhz,temp_max_c,mem_used_peak_delta_mb,pcie_tx_mean_kbps,pcie_rx_mean_kbps,p50_ms
adv_inception_v3_Opset17,wasm-1t,2.0,200.0,51.95084985351563,1.0,551.858,10.59009897190119,11.007679385747105,2759.29,-108.80214275410506,17.992424242424242,26.49621212121212,264.0,236.50875145857643,429.57409568261374,42.0,58.34375,2765.3134502923976,10844.45733788396,256.18250012397766
adv_inception_v3_Opset17,wasm-4t,2.0,200.0,17.831229736328126,1.0,208.47208590316774,12.047683740739304,10.986175783267392,1042.3604295158386,94.55291569151859,11.722222222222221,27.41111111111111,90.0,308.5882352941176,857.3713235294117,47.0,58.607536764705856,2188.8825503355706,10010.191335740072,88.07749998569489
adv_inception_v3_Opset17,wasm-8t,2.0,200.0,13.0281298828125,1.0,172.00091786956787,12.553404148373733,10.395025154551622,860.0045893478393,157.7301818835672,12.445945945945946,24.905405405405407,66.0,356.8643216080402,1193.599173553719,45.0,60.265625,2210.1970443349755,11924.846153846154,66.66500008106232
adv_inception_v3_Opset17,webgl,2.0,200.0,13.934289794921876,1.0,1628.470073387146,117.05422344261969,10.7254691768238,8142.35036693573,7396.281363024232,96.11428571428571,44.267605633802816,71.0,1912.142857142857,7501.0,67.0,564.8125,6107.866379310345,39486.377682403436,69.75999999046326
adv_inception_v3_Opset17,webgpu,2.0,200.0,2.5721201171875,1.0,183.11259293937684,72.30144340296303,11.358062281773845,915.5629646968841,778.838069193306,84.38461538461539,6.538461538461538,13.0,1904.1555555555556,7501.0,54.0,342.66015625,221021.04,1437509.3,12.74500012397766
adv_inception_v3_Opset17,webgpu-capture,2.0,200.0,2.427525146484375,1.0,183.09242672538758,76.86107807519856,11.209242499266244,915.4621336269379,782.2769847511654,88.75,7.0,12.0,1911.6052631578948,7501.0,59.0,361.98015624999994,303214.9,2008360.2,11.980000019073486
adv_inception_v3_Opset17,webgpu-gpuio,2.0,200.0,2.5175400390625,1.0,177.70049863052367,72.28856308132245,11.061218198561699,888.5024931526184,765.2230413534044,86.83333333333333,6.538461538461538,12.0,1907.3720930232557,7501.0,56.0,342.66015625,243632.78260869565,1558095.8333333333,12.375
adv_inception_v3_Opset17,webgpu-native,2.0,200.0,2.99956005859375,1.0,226.6565882949829,75.05714167154274,11.775627091063175,1133.2829414749147,964.3935672651337,82.53333333333333,12.2,15.0,1907.32,7501.0,58.0,222.41015625,250716.19642857142,1627619.0877192982,15.0
alexnet_Opset16,wasm-1t,2.0,200.0,7.97660009765625,1.0,108.42279717826844,13.611660427925182,11.128696097895084,542.1139858913422,98.88945561829743,10.692307692307692,21.641025641025642,40.0,433.2761194029851,1706.5671641791046,46.0,58.34283088235293,2448.0,9600.940740740742,40.28250002861023
alexnet_Opset16,wasm-4t,2.0,200.0,2.9655048828125,1.0,61.944573097229004,21.03981269578803,11.342110344688352,309.722865486145,166.72650877270016,4.133333333333334,5.6,15.0,1168.02,5226.06,44.0,57.890625,1759.32,11083.509803921568,14.225000023841858
alexnet_Opset16,wasm-8t,2.0,200.0,2.712454833984375,1.0,55.5061737537384,20.021868449159175,10.909468431556993,277.530868768692,125.61407049037489,1.6153846153846154,5.846153846153846,13.0,1226.2,4824.6,43.0,58.56709558823536,1653.2222222222222,8954.372093023256,13.477499842643738
alexnet_Opset16,webgl,2.0,200.0,1.73302001953125,1.0,211.81275158309936,122.07241772624168,10.862712696807742,1059.0637579154968,957.8999261902504,89.0,57.25,8.0,1898.6896551724137,7501.0,60.0,397.9453125,17700.51724137931,121908.20689655172,8.609999895095825
alexnet_Opset16,webgpu,2.0,200.0,1.041860107421875,1.0,72.35214575576782,68.29507483439812,11.416577669670254,361.7607287788391,303.11368708099707,68.2,18.4,5.0,1877.8333333333333,7501.0,56.0,344.90234375,23283.571428571428,164627.09523809524,5.267499923706055
alexnet_Opset16,webgpu-capture,2.0,200.0,0.88360009765625,0.0,69.31892942237855,78.4505678601067,11.814760838114708,346.5946471118927,294.1575392228972,71.5,20.5,4.0,1872.4285714285713,7501.0,56.0,341.90234375,5457.857142857143,16154.642857142857,4.585000038146973
alexnet_Opset16,webgpu-gpuio,2.0,200.0,0.977625,0.0,71.69702165794372,73.33795847890931,11.064339615987,358.48510828971865,302.56151090223705,66.6,19.2,5.0,1856.0,7501.0,55.0,342.9998437500001,6338.0,17306.0625,5.0350000858306885
alexnet_Opset16,webgpu-native,2.0,200.0,1.168804931640625,1.0,77.427,64.07707062286228,10.74408164830421,387.135,321.0789087151187,57.666666666666664,20.0,6.0,1885.090909090909,7501.0,53.0,318.16796875,51866.64,311370.6,5.872499942779541
bert_Opset17,wasm-1t,2.0,200.0,96.4952099609375,1.0,987.6073514289856,10.234781102904297,10.738768501814862,4938.036757144928,-243.1618493777089,17.008163265306123,29.209876543209877,490.0,218.1202492211838,405.0,46.0,59.265625,2635.981628903858,9850.439281288724,479.01749992370605
bert_Opset17,wasm-4t,2.0,200.0,31.09110009765625,1.0,343.282,11.12262040961401,11.466045102986463,1716.41,-54.48094533983596,16.77639751552795,27.52173913043478,159.0,220.35946462715106,425.1338432122371,48.0,58.02749999999992,2370.9607476635515,12454.188785046728,154.19249987602234
bert_Opset17,wasm-8t,2.0,200.0,23.0692197265625,1.0,258.37228462982176,11.145605847862987,11.050146095450142,1291.861423149109,17.2701817163288,11.658119658119658,26.46153846153846,117.0,261.84,569.6447368421053,45.0,58.37937499999998,2321.0206718346253,9537.149717514125,116.0625
bert_Opset17,webgpu,2.0,200.0,6.281425048828125,1.0,670.0795661964416,106.92932610797652,11.445721388058633,3350.3978309822082,2966.0143819193354,90.18181818181819,28.454545454545453,33.0,1903.4859813084113,7501.0,67.0,702.55078125,452618.82178217825,3070522.2475247523,31.045000076293945
bert_Opset17,webgpu-capture,2.0,200.0,5.952610107421875,1.0,645.8868050060272,106.84942887594833,11.351682882022077,3229.434025030136,2918.195648957129,95.06451612903226,29.903225806451612,31.0,1910.4,7501.0,61.0,722.48828125,498744.7604166667,3441301.0,29.95000004768372
bert_Opset17,webgpu-gpuio,2.0,200.0,6.0235498046875,1.0,628.4430348758698,104.33100999460787,10.47342825483292,3142.215174379349,2828.697166685786,93.83870967741936,29.774193548387096,31.0,1923.8484848484848,7501.0,62.0,701.1247608418366,476315.8787878788,3268768.326732673,30.264999985694885
bert_Opset17,webgpu-native,2.0,200.0,2.8450849609375,1.0,281.964413154602,100.25298530901915,11.721719768353676,1409.8220657730103,1256.2030049094706,73.92857142857143,23.866666666666667,14.0,1897.12,7501.0,62.0,591.1207812499999,288136.11320754717,1672303.7735849055,14.365000009536743
deeplabv3p-resnet50-human,wasm-1t,2.0,200.0,392.77872021484376,1.0,3939.326569120407,10.090818160668386,10.857540150273783,19696.632845602035,-1505.3724748354257,17.344344344344343,27.644982349974786,1998.0,240.86231996283104,510.8635589282949,42.0,137.7890625,2389.078413563427,11056.037031461688,1946.1200000047684
deeplabv3p-resnet50-human,wasm-4t,2.0,200.0,115.03996508789062,1.0,1213.1645881595612,10.507032118348555,10.460437835005163,6065.822940797806,48.98092408258508,20.886363636363637,30.828333333333333,581.0,237.44745222929936,529.2929936305733,48.0,65.99781250000001,2478.8804966373514,11394.26487325401,570.5924999713898
deeplabv3p-resnet50-human,wasm-8t,2.0,200.0,78.19276000976562,1.0,812.1732019500732,10.345714853724465,10.45852669441764,4060.866009750366,-44.89689574406347,19.73551637279597,28.87344913151365,397.0,210.231124807396,411.864406779661,43.0,58.987438725490165,2520.119940029985,11513.752623688157,375.7149999141693
deeplabv3p-resnet50-human,webgl,2.0,200.0,191.24769506835938,1.0,14240.076275829315,74.61353853459015,9.145579142282227,71200.38137914658,62473.16195419212,47.23450413223141,28.951446280991735,973.0,1897.0582191780823,7501.0,73.0,2991.52734375,37258.744279529994,13488.037414965986,958.820000052452
deeplabv3p-resnet50-human,webgpu,2.0,200.0,10.959729736328125,1.0,1180.6143700962066,107.8898019457005,11.620530523703177,5903.071850481033,5261.800787179719,81.10714285714286,28.946428571428573,56.0,1909.287234042553,7501.0,67.0,917.65234375,653664.247311828,385616.04736842104,54.81499993801117
deeplabv3p-resnet50-human,webgpu-capture,2.0,200.0,4.379315185546875,1.0,435.75764614868166,98.64908452070982,11.225497298218421,2178.7882307434083,1918.1349870188126,70.22727272727273,17.045454545454547,22.0,1906.828947368421,7501.0,63.0,716.0593596813726,1713623.2222222222,1094737.6666666667,21.384999990463257
deeplabv3p-resnet50-human,webgpu-gpuio,2.0,200.0,10.036990234375,1.0,1174.8458046016692,117.05160383418729,10.499445820780787,5874.229023008346,5347.3148471607155,86.09803921568627,31.807692307692307,51.0,1900.6352941176472,7501.0,72.0,1169.94234375,690732.8870056497,375676.1581920904,49.892500042915344
deeplabv3p-resnet50-human,webgpu-native,2.0,200.0,10.953949951171875,1.0,1209.1255228633881,108.32523137723103,11.24132903616232,6045.627614316941,5415.080103017818,74.87272727272727,30.527272727272727,55.0,1918.6631016042782,7501.0,65.0,808.72265625,713171.5257731959,759733.4974093264,54.64999985694885
efficientnet_b5_Opset17,wasm-1t,2.0,200.0,152.41368994140626,1.0,1587.6306961994171,10.468614372516658,10.996826909835994,7938.153480997085,-394.73596685579776,16.187012987012988,27.589147286821706,774.0,250.7203659506762,541.0314240254575,41.0,62.8125,2235.6206225680935,10558.650546021841,756.1500000953674
efficientnet_b5_Opset17,wasm-4t,2.0,200.0,48.69692504882813,1.0,529.0335406780243,10.713356470580127,10.765830225159302,2645.1677033901215,-21.346834576662044,13.406374501992032,28.49003984063745,247.0,211.6654275092937,415.0371747211896,44.0,60.390625,2199.4880095923263,10334.088861076345,240.97499990463257
efficientnet_b5_Opset17,wasm-8t,2.0,200.0,32.734320068359374,1.0,364.67,11.024153414042067,11.92813744486209,1823.35,-128.94734469748997,12.189024390243903,28.21951219512195,167.0,220.33646616541353,450.70864661654133,48.0,58.15625,2273.1233766233768,10378.310064935065,165.60750007629397
efficientnet_b5_Opset17,webgl,2.0,200.0,16.93416015625,1.0,2261.7996840763094,133.56432578922622,10.779196172196551,11308.998420381546,10396.315248703479,96.51162790697674,41.72093023255814,86.0,1888.4359861591695,7501.0,72.0,2289.359375,8713.288194444445,67984.88194444444,84.47499990463257
efficientnet_b5_Opset17,webgpu,2.0,200.0,6.26427490234375,1.0,640.4812988853455,102.49119244254685,10.43301122023626,3202.4064944267275,2873.1401885901328,91.875,38.40625,32.0,1921.057142857143,7501.0,60.0,686.92453125,532379.6796116505,3865568.0485436893,31.109999895095825
efficientnet_b5_Opset17,webgpu-capture,2.0,200.0,6.17072998046875,1.0,641.6782454204559,102.39981974027869,10.735177190806288,3208.3912271022796,2874.8341045448255,95.4375,39.096774193548384,31.0,1927.7920792079208,7501.0,61.0,1011.67578125,544545.3168316832,3935836.0392156863,30.78250002861023
efficientnet_b5_Opset17,webgpu-gpuio,2.0,200.0,6.151169921875,1.0,641.891926115036,104.3528197509742,11.36430891769534,3209.45963057518,2848.344299121562,93.38709677419355,38.96774193548387,31.0,1921.7766990291261,7501.0,62.0,686.3592984068628,545432.8712871287,3888925.932038835,30.56500005722046
efficientnet_b5_Opset17,webgpu-native,2.0,200.0,6.758489990234375,1.0,689.7573661231995,101.42477617907251,11.014841599170174,3448.786830615997,3073.1741167253263,90.73529411764706,39.61764705882353,34.0,1917.3583333333333,7501.0,64.0,474.9432812499999,488088.68333333335,3524362.655462185,33.59250009059906
gpt2lmhead_Opset18,wasm-1t,2.0,200.0,136.74997509765626,1.0,1449.498029653549,10.622932937466528,11.261037507013038,7247.490148267746,-491.83367846048816,16.596264367816094,27.258249641319942,696.0,257.5511741249446,559.2051395657953,44.0,64.0703125,2426.9055868341275,11303.911485319517,680.9099999666214
gpt2lmhead_Opset18,wasm-4t,2.0,200.0,43.21841015625,1.0,466.723,10.842909286108227,11.108454989954463,2333.615,-67.46722848901814,13.00900900900901,28.19090909090909,221.0,210.0688202247191,414.0,43.0,57.74479166666674,2411.6184573002756,10765.317174515236,213.50999999046326
gpt2lmhead_Opset18,wasm-8t,2.0,200.0,29.90006494140625,1.0,326.5918230285645,10.964022345853353,11.143320466457219,1632.9591151428222,-32.97091290703878,13.83673469387755,28.57236842105263,152.0,210.5152129817444,426.35902636916836,47.0,59.328125,2742.53,10036.42857142857,152.3825000524521
gpt2lmhead_Opset18,webgpu,2.0,200.0,22.135634765625,1.0,1127.4172689208986,50.69107958185792,12.37613054531299,5637.086344604492,4228.148389811514,36.01754385964912,12.728070175438596,113.0,1770.8726287262873,7501.0,57.0,882.1978400735295,660115.7038043478,1081822.861788618,110.42999994754791
gpt2lmhead_Opset18,webgpu-capture,2.0,200.0,8.675235107421875,1.0,920.0981088180542,103.2755666659277,11.429329723433066,4600.490544090271,4108.325787093108,81.95454545454545,31.2,45.0,1907.097902097902,7501.0,69.0,906.94140625,1301207.8309859154,2765326.423611111,43.642499923706055
gpt2lmhead_Opset18,webgpu-gpuio,2.0,200.0,8.635634765625,1.0,894.3322165107727,104.05515579160377,11.138779277288531,4471.661082553864,3980.83939218391,81.79545454545455,31.386363636363637,44.0,1907.13986013986,7483.517482517483,66.0,882.42578125,1326925.6643356644,2600967.7260273974,42.855000019073486
gpt2lmhead_Opset18,webgpu-native,2.0,200.0,22.975494873046873,1.0,578.384,25.646748460781584,11.569608247933743,2891.92,1609.895265910532,35.12605042016807,10.11864406779661,118.0,926.2519280205655,5001.0,46.0,772.25390625,588588.6010498687,459376.5433070866,114.1599999666214
mobilebert_Opset17,wasm-1t,2.0,200.0,24.909625,1.0,287.845,11.444347566950404,10.672790393651498,1439.225,63.908287601436776,11.832,26.103174603174605,126.0,264.041564792176,645.8728606356968,44.0,58.0390625,2179.4513064133016,11266.390476190476,124.67000007629395
mobilebert_Opset17,wasm-4t,2.0,200.0,10.100840087890624,1.0,131.00420220947265,13.186755698469003,11.311151319943274,655.0210110473632,89.88203637523468,10.461538461538462,22.352941176470587,52.0,456.5705882352941,1465.105882352941,51.0,57.96875,2317.2899408284025,10086.416184971098,49.452499985694885
mobilebert_Opset17,wasm-8t,2.0,200.0,8.445005126953125,1.0,117.7348584804535,13.616079676887017,10.89430246559422,588.6742924022675,128.66209151966115,13.244444444444444,24.711111111111112,42.0,392.7080291970803,1517.8275862068965,48.0,57.113664215686185,1998.718309859155,10627.58273381295,42.9174998998642
mobilebert_Opset17,webgpu,2.0,200.0,3.7320849609375,1.0,213.70306433296204,58.74538006010321,11.635199730519098,1068.5153216648102,845.8114522989135,63.36842105263158,3.8421052631578947,19.0,1905.5820895522388,7501.0,54.0,208.91015625,184393.6231884058,856158.9855072463,17.4375
mobilebert_Opset17,webgpu-capture,2.0,200.0,2.687955078125,1.0,188.12329797554017,69.19229662563394,11.161979507303249,940.6164898777008,790.6019923847862,88.07692307692308,5.0,14.0,1909.212765957447,7501.0,57.0,285.9123008578431,520673.1666666667,3562869.255319149,13.399999976158142
mobilebert_Opset17,webgpu-gpuio,2.0,200.0,3.056594970703125,1.0,191.67595607757568,63.23069764630759,10.275739707194438,958.3797803878784,802.6316781133958,76.93333333333334,4.466666666666667,15.0,1907.3846153846155,7501.0,56.0,209.62584252450984,258721.1090909091,1450605.9090909092,14.432500004768372
mobilebert_Opset17,webgpu-native,2.0,200.0,5.42085498046875,1.0,229.557,41.31707005921098,10.40567430368481,1147.785,847.0591294753456,41.925925925925924,3.0,28.0,1897.4411764705883,7501.0,51.0,209.52734375,29358.474576271186,75743.06140350878,26.5
mobilenetv2-7,wasm-1t,2.0,200.0,5.7747451171875,1.0,98.133,17.148189283989208,11.202224361732807,490.665,170.42222368085785,5.733333333333333,11.533333333333333,29.0,738.4742268041238,3547.082474226804,46.0,57.828125,1751.4242424242425,10134.545454545454,28.580000042915344
mobilenetv2-7,wasm-4t,2.0,200.0,2.421239990234375,1.0,53.934218673706056,24.802843435318508,10.507129211692014,269.67109336853025,155.10830158892307,0.8181818181818182,2.909090909090909,12.0,1588.4864864864865,6596.810810810811,44.0,58.44937499999992,1553.8333333333333,9028.638888888889,11.577500104904175
mobilenetv2-7,wasm-8t,2.0,200.0,1.60183984375,1.0,44.14810558700562,27.560873678639645,10.959667942270247,220.74052793502807,132.9623640140378,0.25,1.0,8.0,1777.0,7501.0,44.0,58.453125,1616.0714285714287,6330.379310344828,8.365000009536743
mobilenetv2-7,webgl,2.0,200.0,1.01165478515625,1.0,90.6951277885437,87.57567208606403,11.625589415869635,453.4756389427185,390.51868680941124,59.8,14.4,5.0,1856.0,7501.0,54.0,288.34375,34084.529411764706,230215.4705882353,5.019999980926514
mobilenetv2-7,webgpu,2.0,200.0,0.866545166015625,0.0,38.219,44.10502937282655,11.08192951243684,191.095,140.5558269064103,41.25,6.0,4.0,1819.6666666666667,7501.0,47.0,145.52734375,83508.42105263157,473241.6842105263,4.0249998569488525
mobilenetv2-7,webgpu-capture,2.0,200.0,0.619375244140625,0.0,33.257,53.82871630485981,11.84758173264286,166.285,129.6860382626447,45.333333333333336,6.666666666666667,3.0,1816.0,7501.0,52.0,154.52734375,164838.3,869711.4,2.865000009536743
mobilenetv2-7,webgpu-gpuio,2.0,200.0,0.82616015625,0.0,38.977,49.60964310883256,11.040130209932165,194.885,148.7898816252953,44.0,6.5,4.0,1835.9285714285713,7501.0,47.0,142.13488051470586,103612.8,533026.8,3.714999914169312
mobilenetv2-7,webgpu-native,2.0,200.0,1.244829833984375,1.0,47.87580141448974,37.2664768942146,10.725073719046758,239.37900707244873,172.04078865549664,33.0,5.5,6.0,1777.0,7501.0,44.0,110.66306678921569,24353.88888888889,157962.14814814815,6.0
mobilenetv3_large_100_Opset17,wasm-1t,2.0,200.0,3.946739990234375,1.0,84.041,21.477520318858794,10.787445255022787,420.205,210.95473376524427,2.4,5.85,20.0,1289.0454545454545,5169.287878787879,41.0,57.52512254901967,1824.6478873239437,8920.661971830987,19.662500023841858
mobilenetv3_large_100_Opset17,wasm-4t,2.0,200.0,1.543489990234375,1.0,47.38756028938293,30.701566313486264,10.926047367404694,236.93780144691468,151.69026905590204,0.375,1.0,8.0,1777.0,7501.0,46.0,57.765625,2046.6666666666667,9620.64,7.214999914169311
mobilenetv3_large_100_Opset17,wasm-8t,2.0,200.0,1.331469970703125,1.0,42.71221636199951,28.65972094049414,9.916582867330959,213.56108180999755,122.53033501214871,0.14285714285714285,1.0,7.0,1777.0,7501.0,47.0,58.703125,1702.7307692307693,9946.57142857143,6.892500042915344
mobilenetv3_large_100_Opset17,webgpu,2.0,200.0,0.9276298828125,0.0,39.24792850494385,42.30990099838877,11.018606410267985,196.23964252471924,147.1000540246622,40.8,4.8,5.0,1820.888888888889,7501.0,45.0,148.96484375,62277.35,396034.7,4.487500071525574
mobilenetv3_large_100_Opset17,webgpu-capture,2.0,200.0,0.76139501953125,0.0,35.98755732727051,48.60919179805548,10.31022733091992,179.93778663635254,141.5339038444577,51.0,6.25,4.0,1864.5,7501.0,46.0,170.53515625,122644.53846153847,754803.4615384615,3.5049999952316284
mobilenetv3_large_100_Opset17,webgpu-gpuio,2.0,200.0,0.994945068359375,0.0,41.043234546661374,43.3644676566359,10.55561196394535,205.21617273330688,142.32536463026557,40.8,5.2,5.0,1844.2941176470588,7501.0,49.0,150.53372130102048,46389.0,240825.22222222222,4.539999961853027
mobilenetv3_large_100_Opset17,webgpu-native,2.0,200.0,1.53226513671875,1.0,55.881966356277466,35.65868679597226,11.50987303568098,279.4098317813873,190.52356475940792,30.714285714285715,4.142857142857143,7.0,1777.0,7501.0,44.0,118.58984375,23320.151515151516,143894.66666666666,7.365000009536743
resnet50-v2,wasm-1t,2.0,200.0,40.21817529296875,1.0,437.22008155822755,10.858390107650074,10.209530126105928,2186.1004077911375,137.29301702121026,16.226600985221676,28.619512195121953,203.0,218.6189024390244,485.3856502242152,45.0,58.33915441176464,2476.0720588235295,12177.065693430657,199.00499999523163
resnet50-v2,wasm-4t,2.0,200.0,13.2046650390625,1.0,172.05553455543517,13.21931584112287,10.12027427321374,860.2776727771759,189.6637602073407,13.403225806451612,23.080645161290324,67.0,430.7090909090909,1395.0689655172414,43.0,58.62469362745105,2382.2918660287082,12324.47767857143,64.40750002861023
resnet50-v2,wasm-8t,2.0,200.0,9.85931005859375,1.0,137.3137394351959,14.116772884392983,10.903670737233172,686.5686971759797,167.19866911000688,16.056603773584907,21.604166666666668,50.0,485.7012195121951,1498.0350877192982,43.0,57.953125,3090.063583815029,10407.55625,50.047500014305115
resnet50-v2,webgl,2.0,200.0,5.264260009765625,1.0,735.3736168231964,139.6917354878025,8.886347042996118,3676.868084115982,3442.9678772592642,89.96296296296296,32.46153846153846,27.0,1869.8636363636363,7501.0,76.0,569.26171875,9970.865168539325,52913.86516853933,26.1949999332428
resnet50-v2,webgpu,2.0,200.0,1.71147509765625,1.0,128.62350169944764,75.15359228748865,10.882333440317884,643.1175084972382,559.1993248349285,79.0,12.875,8.0,1878.483870967742,7501.0,53.0,340.8312653186274,180410.51515151514,1032936.3636363636,8.490000009536743
resnet50-v2,webgpu-capture,2.0,200.0,1.556344970703125,1.0,129.3280210609436,81.44780321834948,10.031441147550323,646.640105304718,568.2798437922761,83.125,13.875,8.0,1895.8,7501.0,55.0,350.59765625,253669.4,1542083.7692307692,7.597499966621399
resnet50-v2,webgpu-gpuio,2.0,200.0,1.70406005859375,1.0,130.17198611450195,76.80533157548864,10.710780493557067,650.8599305725097,563.3098989622166,78.0,12.777777777777779,9.0,1886.6333333333334,7501.0,55.0,338.72265625,211620.6,1248517.2857142857,8.460000038146973
resnet50-v2,webgpu-native,2.0,200.0,2.1419599609375,1.0,164.53461895751954,76.07235295824098,10.69596552255818,822.6730947875976,707.8824717720536,80.9090909090909,26.09090909090909,11.0,1901.3,7501.0,54.0,233.55859375,166800.3,1011344.5510204082,10.612500071525574
vit_large_patch16_224_in21k_Opset18,wasm-4t,2.0,200.0,162.10980004882813,1.0,1703.1472125549317,10.56912432246255,11.204293829035244,8515.736062774658,-467.5597269706527,17.08262454434994,27.822600243013365,823.0,255.03958177744585,548.5581484315226,43.0,62.6796875,2402.78007518797,11042.559231590181,804.0774998664856
vit_large_patch16_224_in21k_Opset18,wasm-8t,2.0,200.0,117.20418505859375,1.0,1240.9558104190826,10.592793257173694,11.019622647526573,6204.779052095413,-238.9915974477831,17.442492012779553,27.442906574394463,597.0,270.9727366255144,592.4578790882061,40.0,62.1126562500001,2536.4600301659125,11077.927970557308,599.1349999904633
vit_large_patch16_224_in21k_Opset18,webgpu,2.0,200.0,30.26089013671875,1.0,3870.7217711982726,126.29482682671039,11.614393594719239,19353.608855991362,17596.29941311932,98.02597402597402,42.64705882352941,154.0,1893.5461689587426,7501.0,77.0,1408.66015625,518275.66,3869916.982,151.1050000190735
vit_large_patch16_224_in21k_Opset18,webgpu-capture,2.0,200.0,29.925565185546876,1.0,3836.9,128.2147881321588,11.500604534986461,19184.5,17445.866597288757,98.59868421052632,43.03333333333333,151.0,1902.928716904277,7501.0,74.0,1447.69921875,544924.0061349693,4068154.0654396727,149.62999999523163
vit_large_patch16_224_in21k_Opset18,webgpu-gpuio,2.0,200.0,30.1904951171875,1.0,3854.5203175373076,127.76446209541263,11.104349059269417,19272.60158768654,17560.213468189817,98.16233766233766,42.72727272727273,154.0,1895.57,7501.0,76.0,1407.99859375,521486.54545454547,3996741.951807229,150.79000008106232
vit_large_patch16_224_in21k_Opset18,webgpu-native,2.0,200.0,10.311050048828125,1.0,1421.221434091568,137.83479154512426,12.168698471528183,7106.10717045784,6507.44872752402,94.74074074074075,53.81481481481482,54.0,1854.1894736842105,7501.0,71.0,1358.12109375,431903.8730964467,3098747.5837563453,51.362499952316284
yolov2-coco-9,wasm-1t,2.0,200.0,130.01718481445312,1.0,1379.9524585533143,10.613615888719924,9.933924972608812,6899.762292766571,303.4261029889804,16.096969696969698,27.39848484848485,660.0,261.6524163568773,582.5771375464684,41.0,63.9453125,2326.887221464302,11297.455661664393,645.9025000333786
yolov2-coco-9,wasm-4t,2.0,200.0,37.890580078125,1.0,412.32371352386474,10.919242848550619,10.330248816192151,2061.6185676193236,122.829467258713,12.26865671641791,26.98941798941799,192.0,211.70178282009724,430.4677914110429,47.0,56.79312499999992,2381.902255639098,10393.84060150376,189.1675000190735
yolov2-coco-9,wasm-8t,2.0,200.0,27.080304931640626,1.0,300.1209903125763,11.082629648010903,11.449555595618534,1500.6049515628815,-55.7616527581227,11.785185185185185,26.918518518518518,137.0,246.79775280898878,604.5964912280701,47.0,61.015625,2263.808602150538,9217.941176470587,136.16249990463257
yolov2-coco-9,webgl,2.0,200.0,50.742389892578124,1.0,6361.1482747192385,125.36162148030117,11.445291909020844,31805.741373596193,28735.72954737517,97.284046692607,85.52529182879377,257.0,1887.0865954922895,7501.0,78.0,923.5494025735295,5312.273584905661,22041.40281030445,252.9799998998642
yolov2-coco-9,webgpu,2.0,200.0,3.44794970703125,1.0,417.90549309539796,123.03545731661316,10.644520425088777,2089.5274654769896,1906.0186100711248,86.11764705882354,20.88235294117647,17.0,1906.050847457627,7501.0,66.0,654.9842187500001,211191.42105263157,1078829.49122807,17.077499985694885
yolov2-coco-9,webgpu-capture,2.0,200.0,3.112270263671875,1.0,402.124971906662,129.2063149529413,10.767869360469792,2010.62485953331,1846.46523016411,91.13333333333334,22.75,15.0,1910.2,7501.0,62.0,653.21484375,247983.8,1285946.66,15.572499990463257
yolov2-coco-9,webgpu-gpuio,2.0,200.0,3.264485107421875,1.0,410.5715451107025,125.39598088672042,11.663927789173362,2052.8577255535124,1869.1984982583606,87.9375,21.75,16.0,1895.9433962264152,7501.0,70.0,649.15234375,243679.0,1223317.75,16.244999885559082
yolov2-coco-9,webgpu-native,2.0,200.0,5.05977001953125,1.0,580.5306196880341,114.67622688311717,10.492673467384053,2902.65309844017,2640.5530183807896,88.46153846153847,39.07692307692308,25.0,1914.034090909091,7501.0,66.0,426.52734375,160684.45454545456,840128.7653061225,25.202499985694885
