model,backend,predicted,measured,predicted_feasible,measured_feasible,ape
adv_inception_v3_Opset17,wasm-8t,76.30614895313542,66.66500008106232,True,True,0.1446208484264577
adv_inception_v3_Opset17,webgl,58.691813390189985,69.75999999046326,True,True,0.15866093179166257
adv_inception_v3_Opset17,webgpu,19.184984185108256,12.74500012397766,True,True,0.5052949390729943
alexnet_Opset16,wasm-8t,9.650866490751888,13.477499842643738,True,True,0.28392753823555006
alexnet_Opset16,webgl,6.846835563466565,8.609999895095825,True,True,0.20478099339275738
alexnet_Opset16,webgpu,2.9928071352369723,5.267499923706055,True,True,0.4318353718871394
bert_Opset17,wasm-8t,132.97868110555626,116.0625,True,True,0.14575061803387193
bert_Opset17,webgl,67.90590891369014,,False,False,
bert_Opset17,webgpu,42.88691825789493,31.045000076293945,True,True,0.381443651232055
deeplabv3p-resnet50-human,wasm-8t,316.62475998140064,375.7149999141693,True,True,0.1572741038986136
deeplabv3p-resnet50-human,webgl,1175.1764475922296,958.820000052452,True,True,0.22564865931868536
deeplabv3p-resnet50-human,webgpu,12.838742460266852,54.81499993801117,True,True,0.7657804893772536
efficientnet_b5_Opset17,wasm-8t,111.00027226549803,165.60750007629397,True,True,0.32973885715102796
efficientnet_b5_Opset17,webgl,59.33638778637639,84.47499990463257,True,True,0.29758641191638036
efficientnet_b5_Opset17,webgpu,30.981697239939194,31.109999895095825,True,True,0.004124161221127374
gpt2lmhead_Opset18,wasm-8t,184.99766378386104,152.3825000524521,True,True,0.2140348381223722
gpt2lmhead_Opset18,webgl,82.52804163627141,,False,False,
gpt2lmhead_Opset18,webgpu,46.30019713191175,110.42999994754791,True,True,0.5807280887992082
mobilebert_Opset17,wasm-8t,48.44490113752934,42.9174998998642,True,True,0.12879131474484226
mobilebert_Opset17,webgl,11.18312970788313,,False,False,
mobilebert_Opset17,webgpu,28.0070512546102,17.4375,True,True,0.6061391400493304
mobilenetv2-7,wasm-8t,10.837493170918847,8.365000009536743,True,True,0.2955759902645872
mobilenetv2-7,webgl,2.0130319226449176,5.019999980926514,True,True,0.5989976234475237
mobilenetv2-7,webgpu,3.7321878995183777,4.0249998569488525,True,True,0.07274831499060988
mobilenetv3_large_100_Opset17,wasm-8t,4.955628169918001,6.892500042915344,True,True,0.2810115141004914
mobilenetv3_large_100_Opset17,webgl,1.8420675093903272,,False,False,
mobilenetv3_large_100_Opset17,webgpu,2.2671832449557896,4.487500071525574,True,True,0.49477811502629426
resnet50-v2,wasm-8t,57.696406516171464,50.047500014305115,True,True,0.1528329387018344
resnet50-v2,webgl,47.322652589932595,26.1949999332428,True,True,0.8065528807227716
resnet50-v2,webgpu,16.11337499230258,8.490000009536743,True,True,0.8979240252299844
vit_large_patch16_224_in21k_Opset18,wasm-8t,467.2187684402249,599.1349999904633,True,True,0.22017780892843541
vit_large_patch16_224_in21k_Opset18,webgl,313.07208687035717,,False,False,
vit_large_patch16_224_in21k_Opset18,webgpu,118.42658521742142,151.1050000190735,True,True,0.21626296150046112
yolov2-coco-9,wasm-8t,154.4198093391058,136.16249990463257,True,True,0.13408471089514765
yolov2-coco-9,webgl,204.7708773699987,252.9799998998642,True,True,0.1905649559212107
yolov2-coco-9,webgpu,28.7901549093008,17.077499985694885,True,True,0.6858530190845921
