path,bytes,n,total_ms,wait_ms,copy_ms,mb_per_s
decode_ort_filter,1048576,60,3.1950000524520874,,,328.19279586403843
decode_ort_filter,4194304,60,11.882500052452087,,,352.9816100555757
decode_ort_filter,16777216,60,66.02999997138977,,,254.0847494664459
decode_ort_filter,20971520,60,96.03750002384186,,,218.3680332661065
decode_ort_filter,83886080,60,456.59250009059906,,,183.72198400839912
decode_strided_loop,1048576,60,0.1500000953674316,,,6990.502222225049
decode_strided_loop,4194304,60,0.3075000047683716,,,13640.012796615774
decode_strided_loop,16777216,60,2.044999837875366,,,8204.018254314647
decode_strided_loop,20971520,60,2.134999990463257,,,9822.726039192888
decode_strided_loop,83886080,60,7.985000014305115,,,10505.457714429333
webgl_pbo_rgba,1048576,60,1.6649999618530271,1.1100001335144043,0.4725000858306885,629.775389804219
webgl_pbo_rgba,4194304,60,3.1050000190734863,1.3900001049041748,1.5825001001358032,1350.822535985541
webgl_pbo_rgba,16777216,60,10.742499947547913,4.667500019073486,5.992499947547913,1561.7608640370133
webgl_pbo_rgba,20971520,60,16.955000042915344,9.182500004768372,7.482499957084656,1236.8929488008444
webgl_pbo_rgba,83886080,60,59.87499988079071,28.544999957084656,29.65500009059906,1401.0201280503486
webgl_sync_red,1048576,60,0.2599999904632568,,,4032.9847633136155
webgl_sync_red,4194304,60,0.75,,,5592.405333333333
webgl_sync_red,16777216,60,4.607499957084656,,,3641.284027404657
webgl_sync_red,20971520,60,10.240000128746033,,,2047.9999742507941
webgl_sync_red,83886080,60,31.492500066757202,,,2663.6843636478493
webgl_sync_rgba,1048576,60,0.27249991893768305,,,3847.9864657860494
webgl_sync_rgba,4194304,60,0.8100000619888306,,,5178.152690138729
webgl_sync_rgba,16777216,60,3.84250009059906,,,4366.223969921721
webgl_sync_rgba,20971520,60,5.435000061988831,,,3858.6052917772904
webgl_sync_rgba,83886080,60,19.982500076293945,,,4197.977214048281
webgpu_map,1048576,60,0.4099999666213989,0.18250000476837153,0.2249999046325683,2557.5026472338063
webgpu_map,4194304,60,1.1100000143051147,0.42750000953674316,0.6875,3778.652203554907
webgpu_map,16777216,60,4.235000014305115,1.292500019073486,2.8324999809265137,3961.562206217095
webgpu_map,20971520,60,5.102500081062317,1.5275001525878906,3.4424999952316284,4110.047950383144
webgpu_map,83886080,60,19.72000002861023,6.077499985694885,13.424999833106995,4253.858005998791
