model,backend,output,norm_max_err,cosine,top1_agreement,worst_norm_err_any_output
adv_inception_v3_Opset17,wasm-1t,875,1.728280918375297e-07,0.9999999999999668,1.0,1.728280918375297e-07
adv_inception_v3_Opset17,wasm-4t,875,2.0739371020503565e-07,0.999999999999974,1.0,2.0739371020503565e-07
adv_inception_v3_Opset17,wasm-8t,875,2.765249469400476e-07,0.9999999999999408,1.0,2.765249469400476e-07
adv_inception_v3_Opset17,webgl,875,8.295748408201426e-07,0.9999999999997594,1.0,8.295748408201426e-07
adv_inception_v3_Opset17,webgpu,875,7.604436040851307e-07,0.9999999999997806,1.0,7.604436040851307e-07
adv_inception_v3_Opset17,webgpu-capture,875,7.604436040851307e-07,0.9999999999997806,1.0,7.604436040851307e-07
adv_inception_v3_Opset17,webgpu-gpuio,875,7.604436040851307e-07,0.9999999999997806,1.0,7.604436040851307e-07
adv_inception_v3_Opset17,webgpu-native,875,5.87615512247601e-07,0.999999999999878,1.0,5.87615512247601e-07
alexnet_Opset16,wasm-1t,36,2.7216285644715706e-07,0.9999999999999792,1.0,2.7216285644715706e-07
alexnet_Opset16,wasm-4t,36,2.7216285644715706e-07,0.9999999999999792,1.0,2.7216285644715706e-07
alexnet_Opset16,wasm-8t,36,2.7216285644715706e-07,0.9999999999999796,1.0,2.7216285644715706e-07
alexnet_Opset16,webgl,36,7.711280932669449e-07,0.9999999999998536,1.0,7.711280932669449e-07
alexnet_Opset16,webgpu,36,7.257676171924187e-07,0.9999999999998176,1.0,7.257676171924187e-07
alexnet_Opset16,webgpu-capture,36,7.257676171924187e-07,0.9999999999998176,1.0,7.257676171924187e-07
alexnet_Opset16,webgpu-gpuio,36,7.257676171924187e-07,0.9999999999998176,1.0,7.257676171924187e-07
alexnet_Opset16,webgpu-native,36,6.350466650433664e-07,0.9999999999998336,1.0,6.350466650433664e-07
bert_Opset17,wasm-1t,onnx::Gather_1269,2.186828073810193e-06,0.9999999999990667,,2.186828073810193e-06
bert_Opset17,wasm-4t,onnx::Gather_1269,2.186828073810193e-06,0.9999999999990667,,2.186828073810193e-06
bert_Opset17,wasm-8t,onnx::Gather_1269,2.186828073810193e-06,0.9999999999990667,,2.186828073810193e-06
bert_Opset17,webgpu,1272,7.946055099920469e-06,0.99999999999565,,7.946055099920469e-06
bert_Opset17,webgpu-capture,1272,7.946055099920469e-06,0.99999999999565,,7.946055099920469e-06
bert_Opset17,webgpu-gpuio,1272,7.946055099920469e-06,0.99999999999565,,7.946055099920469e-06
bert_Opset17,webgpu-native,1272,8.683663590208446e-06,0.9999999999952396,,8.683663590208446e-06
deeplabv3p-resnet50-human,wasm-1t,conv2d_9,5.104953048789632e-07,0.9999999999999736,1.0,5.104953048789632e-07
deeplabv3p-resnet50-human,wasm-4t,conv2d_9,5.104953048789632e-07,0.9999999999999736,1.0,5.104953048789632e-07
deeplabv3p-resnet50-human,wasm-8t,conv2d_9,5.104953048789632e-07,0.9999999999999736,1.0,5.104953048789632e-07
deeplabv3p-resnet50-human,webgl,conv2d_9,1.148614435977667e-06,0.9999999999999318,1.0,1.148614435977667e-06
deeplabv3p-resnet50-human,webgpu,conv2d_9,1.0209906097579263e-06,0.9999999999999308,1.0,1.0209906097579263e-06
deeplabv3p-resnet50-human,webgpu-capture,conv2d_9,1.0209906097579263e-06,0.9999999999999308,1.0,1.0209906097579263e-06
deeplabv3p-resnet50-human,webgpu-gpuio,conv2d_9,1.0209906097579263e-06,0.9999999999999308,1.0,1.0209906097579263e-06
deeplabv3p-resnet50-human,webgpu-native,conv2d_9,1.0209906097579263e-06,0.9999999999999308,1.0,1.0209906097579263e-06
efficientnet_b5_Opset17,wasm-1t,1548,2.290956178939783e-05,0.9999999998004476,1.0,2.290956178939783e-05
efficientnet_b5_Opset17,wasm-4t,1548,2.290956178939783e-05,0.9999999998004476,1.0,2.290956178939783e-05
efficientnet_b5_Opset17,wasm-8t,1548,2.290956178939783e-05,0.9999999998004476,1.0,2.290956178939783e-05
efficientnet_b5_Opset17,webgl,1548,3.7516748325417154e-05,0.999999999444636,1.0,3.7516748325417154e-05
efficientnet_b5_Opset17,webgpu,1548,7.459652953223544e-06,0.9999999999770776,1.0,7.459652953223544e-06
efficientnet_b5_Opset17,webgpu-capture,1548,7.459652953223544e-06,0.9999999999770776,1.0,7.459652953223544e-06
efficientnet_b5_Opset17,webgpu-gpuio,1548,7.459652953223544e-06,0.9999999999770776,1.0,7.459652953223544e-06
efficientnet_b5_Opset17,webgpu-native,1548,7.522076827309096e-06,0.9999999999771256,1.0,7.522076827309096e-06
gpt2lmhead_Opset18,wasm-1t,2103,1.2022335981643032e-06,0.999999999999898,1.0,3.725315785024347e-06
gpt2lmhead_Opset18,wasm-4t,2103,1.2022335981643032e-06,0.999999999999898,1.0,3.725315785024347e-06
gpt2lmhead_Opset18,wasm-8t,2103,1.2022335981643032e-06,0.999999999999898,1.0,3.725315785024347e-06
gpt2lmhead_Opset18,webgpu,2103,2.2146408387237164e-06,0.9999999999998116,1.0,3.734792243837752e-06
gpt2lmhead_Opset18,webgpu-capture,2103,2.2146408387237164e-06,0.9999999999998116,1.0,3.734792243837752e-06
gpt2lmhead_Opset18,webgpu-gpuio,2103,2.2146408387237164e-06,0.9999999999998116,1.0,3.734792243837752e-06
gpt2lmhead_Opset18,webgpu-native,2103,2.341191743793643e-06,0.9999999999998068,1.0,3.6155967466939936e-06
mobilebert_Opset17,wasm-1t,4256,1.940317765840512e-06,0.999999999999972,,1.940317765840512e-06
mobilebert_Opset17,wasm-4t,4256,1.940317765840512e-06,0.999999999999972,,1.940317765840512e-06
mobilebert_Opset17,wasm-8t,4256,1.940317765840512e-06,0.999999999999972,,1.940317765840512e-06
mobilebert_Opset17,webgpu,4256,2.328381319008614e-06,0.9999999999999548,,2.328381319008614e-06
mobilebert_Opset17,webgpu-capture,4256,2.328381319008614e-06,0.9999999999999548,,2.328381319008614e-06
mobilebert_Opset17,webgpu-gpuio,4256,2.328381319008614e-06,0.9999999999999548,,2.328381319008614e-06
mobilebert_Opset17,webgpu-native,4256,2.328381319008614e-06,0.9999999999999548,,2.328381319008614e-06
mobilenetv2-7,wasm-1t,mobilenetv20_output_flatten0_reshape0,1.047389511235507e-06,0.9999999999995188,1.0,1.047389511235507e-06
mobilenetv2-7,wasm-4t,mobilenetv20_output_flatten0_reshape0,1.136151334221567e-06,0.9999999999995368,1.0,1.136151334221567e-06
mobilenetv2-7,wasm-8t,mobilenetv20_output_flatten0_reshape0,9.941324174438712e-07,0.9999999999995144,1.0,9.941324174438712e-07
mobilenetv2-7,webgl,mobilenetv20_output_flatten0_reshape0,1.917255376498894e-06,0.9999999999991392,1.0,1.917255376498894e-06
mobilenetv2-7,webgpu,mobilenetv20_output_flatten0_reshape0,1.6332175429435026e-06,0.9999999999989744,1.0,1.6332175429435026e-06
mobilenetv2-7,webgpu-capture,mobilenetv20_output_flatten0_reshape0,1.6332175429435026e-06,0.9999999999989744,1.0,1.6332175429435026e-06
mobilenetv2-7,webgpu-gpuio,mobilenetv20_output_flatten0_reshape0,1.6332175429435026e-06,0.9999999999989744,1.0,1.6332175429435026e-06
mobilenetv2-7,webgpu-native,mobilenetv20_output_flatten0_reshape0,1.6332175429435026e-06,0.9999999999989744,1.0,1.6332175429435026e-06
mobilenetv3_large_100_Opset17,wasm-1t,498,3.931466197374603e-06,0.9999999999958544,1.0,3.931466197374603e-06
mobilenetv3_large_100_Opset17,wasm-4t,498,3.991950292718828e-06,0.9999999999957208,1.0,3.991950292718828e-06
mobilenetv3_large_100_Opset17,wasm-8t,498,3.750013911341929e-06,0.999999999995742,1.0,3.750013911341929e-06
mobilenetv3_large_100_Opset17,webgpu,498,1.3571118892860408e-06,0.999999999998928,1.0,1.3571118892860408e-06
mobilenetv3_large_100_Opset17,webgpu-capture,498,1.3571118892860408e-06,0.999999999998928,1.0,1.3571118892860408e-06
mobilenetv3_large_100_Opset17,webgpu-gpuio,498,1.3571118892860408e-06,0.999999999998928,1.0,1.3571118892860408e-06
mobilenetv3_large_100_Opset17,webgpu-native,498,3.961708245046715e-06,0.999999999994338,1.0,3.961708245046715e-06
resnet50-v2,wasm-1t,resnetv24_dense0_fwd,4.636135243482869e-07,0.9999999999999328,1.0,4.636135243482869e-07
resnet50-v2,wasm-4t,resnetv24_dense0_fwd,4.636135243482869e-07,0.9999999999999328,1.0,4.636135243482869e-07
resnet50-v2,wasm-8t,resnetv24_dense0_fwd,4.636135243482869e-07,0.9999999999999328,1.0,4.636135243482869e-07
resnet50-v2,webgl,resnetv24_dense0_fwd,1.0044959694212883e-06,0.9999999999995488,1.0,1.0044959694212883e-06
resnet50-v2,webgpu,resnetv24_dense0_fwd,1.12039935050836e-06,0.9999999999993976,1.0,1.12039935050836e-06
resnet50-v2,webgpu-capture,resnetv24_dense0_fwd,1.12039935050836e-06,0.9999999999993976,1.0,1.12039935050836e-06
resnet50-v2,webgpu-gpuio,resnetv24_dense0_fwd,1.12039935050836e-06,0.9999999999993976,1.0,1.12039935050836e-06
resnet50-v2,webgpu-native,resnetv24_dense0_fwd,1.0817648901460027e-06,0.999999999999487,1.0,1.0817648901460027e-06
vit_large_patch16_224_in21k_Opset18,wasm-4t,2133,5.639143323902806e-07,0.9999999999999742,1.0,5.639143323902806e-07
vit_large_patch16_224_in21k_Opset18,wasm-8t,2133,5.639143323902806e-07,0.9999999999999742,1.0,5.639143323902806e-07
vit_large_patch16_224_in21k_Opset18,webgpu,2133,4.18907789775637e-06,0.9999999999991832,1.0,4.18907789775637e-06
vit_large_patch16_224_in21k_Opset18,webgpu-capture,2133,4.18907789775637e-06,0.9999999999991832,1.0,4.18907789775637e-06
vit_large_patch16_224_in21k_Opset18,webgpu-gpuio,2133,4.18907789775637e-06,0.9999999999991832,1.0,4.18907789775637e-06
vit_large_patch16_224_in21k_Opset18,webgpu-native,2133,4.269637088097839e-06,0.9999999999992192,1.0,4.269637088097839e-06
yolov2-coco-9,wasm-1t,218,2.924503645929954e-07,0.9999999999999466,,2.924503645929954e-07
yolov2-coco-9,wasm-4t,218,2.924503645929954e-07,0.9999999999999466,,2.924503645929954e-07
yolov2-coco-9,wasm-8t,218,2.924503645929954e-07,0.999999999999946,,2.924503645929954e-07
yolov2-coco-9,webgl,218,7.311259114824884e-07,0.9999999999997136,,7.311259114824884e-07
yolov2-coco-9,webgpu,218,1.1698014583719815e-06,0.9999999999992626,,1.1698014583719815e-06
yolov2-coco-9,webgpu-capture,218,1.1698014583719815e-06,0.9999999999992626,,1.1698014583719815e-06
yolov2-coco-9,webgpu-gpuio,218,1.1698014583719815e-06,0.9999999999992626,,1.1698014583719815e-06
yolov2-coco-9,webgpu-native,218,1.1698014583719815e-06,0.9999999999992626,,1.1698014583719815e-06
