timestamp,model,backend,actual_backend,backend_mismatch,warmup_runs,measure_runs,avg_warmup_ms,avg_inference_ms,kernel_execution_time_ms,kernel_launch_latency_ms,operator_fusion_rate,per_operator_latency_ms,kernel_compilation_time_ms,effective_memory_bandwidth_gbps,synchronization_overhead_ms,peak_memory_usage_mb,status,notes,gpu_vendor,gpu_name,gpu_memory_allocated_mb,gpu_memory_used_mb,gpu_memory_peak_mb,gpu_core_utilization_percent,gpu_shared_memory_utilization_percent,gpu_power_draw_mw,gpu_shader_compilation_ms,gpu_command_buffer_ms,time_to_first_output_ms,end_to_end_latency_ms,top_kernel_1_name,top_kernel_1_time_ms,top_kernel_2_name,top_kernel_2_time_ms,top_kernel_3_name,top_kernel_3_time_ms,top_kernel_4_name,top_kernel_4_time_ms,top_kernel_5_name,top_kernel_5_time_ms
2026-01-13T23:03:11.745102,alexnet_Opset16,wasm,wasm,NO,1,10,39.700,39.030,38.950,0.080,0.0%,38.950,0.000,0.014,0.082,0.00,SUCCESS,"session_create_ms=505.8 | actual_backend=wasm | performance_detected_backend=wasm | performance_detection_confidence=0.8 | perf_metrics={""warmupMs"":""102.50"",""avgTimeMs"":""102.50"",""varianceMs"":0}",N/A,,N/A,12354.23,13047.38,0.00,1.00,35245.00,N/A,N/A,38.700,39.173,Conv2D,23.370,ReLU,7.790,MaxPool,5.843,Dropout,1.169,FullyConnected,0.779
2026-01-13T23:03:49.718876,mobilenetv3_large_100_Opset17,wasm,wasm,NO,1,10,22.700,21.200,21.060,0.140,6.9%,21.060,1.556,0.026,0.145,0.00,SUCCESS,"session_create_ms=352.8 | actual_backend=wasm | performance_detected_backend=wasm | performance_detection_confidence=0.8 | perf_metrics={""warmupMs"":""45.40"",""avgTimeMs"":""45.40"",""varianceMs"":0}",N/A,,N/A,12132.13,12239.14,0.00,1.00,35320.00,N/A,N/A,22.600,21.482,DepthwiseConv2D,9.477,Conv2D,7.371,ReLU,2.527,GlobalAveragePool,1.264,Reshape,0.421
2026-01-13T23:04:31.054826,resnet50-v2,wasm,wasm,NO,1,10,195.700,191.030,190.930,0.100,1.0%,190.930,1.967,0.003,0.109,0.00,SUCCESS,"session_create_ms=423.1 | actual_backend=wasm | performance_detected_backend=wasm | performance_detection_confidence=0.8 | perf_metrics={""warmupMs"":""220.20"",""avgTimeMs"":""220.20"",""varianceMs"":0}",N/A,,N/A,12201.64,12480.63,0.00,1.00,35370.00,N/A,N/A,192.800,191.564,Conv2D,124.105,BiasAdd,28.640,ReLU,19.093,MaxPool,9.546,GlobalAveragePool,9.546
2026-01-13T23:05:12.009456,adv_inception_v3_Opset17,wasm,wasm,NO,1,10,248.600,252.400,252.210,0.190,0.0%,252.210,0.000,0.004,0.191,0.00,SUCCESS,"session_create_ms=389.4 | actual_backend=wasm | performance_detected_backend=wasm | performance_detection_confidence=0.8 | perf_metrics={""warmupMs"":""274.30"",""avgTimeMs"":""274.30"",""varianceMs"":0}",N/A,,N/A,12222.99,12376.62,0.00,1.00,35241.30,N/A,N/A,248.000,252.245,Conv2D,171.503,Concatenate,37.831,ReLU,25.221,AveragePool,12.611,MaxPool,5.044
2026-01-13T23:05:59.072616,efficientnet_b5_Opset17,wasm,wasm,NO,1,10,752.300,749.210,748.890,0.320,0.0%,748.890,0.000,0.003,0.318,0.00,SUCCESS,"session_create_ms=460.6 | actual_backend=wasm | performance_detected_backend=wasm | performance_detection_confidence=0.8 | perf_metrics={""warmupMs"":""788.60"",""avgTimeMs"":""788.60"",""varianceMs"":0}",N/A,,N/A,12359.67,12480.63,0.00,1.00,35280.52,N/A,N/A,744.900,749.809,MatMul,299.556,Conv2D,224.667,Add,112.334,ReLU,74.889,Other,37.444
2026-01-13T23:07:44.025201,vit_large_patch16_224_in21k_Opset18,wasm,wasm,NO,1,10,2514.500,5312.130,5311.990,0.140,0.0%,5311.990,0.000,0.000,0.136,0.00,SUCCESS,"session_create_ms=2165.3 | actual_backend=wasm | performance_detected_backend=wasm | performance_detection_confidence=0.8 | perf_metrics={""warmupMs"":""2579.40"",""avgTimeMs"":""2579.40"",""varianceMs"":0}",N/A,,N/A,16003.76,16543.91,0.00,1.00,35254.46,N/A,N/A,2521.200,5057.936,MatMul,2655.995,LayerNormalization,1062.398,Conv2D,796.798,Add,531.199,Attention,265.599
2026-01-13T23:08:30.372722,yolov2-coco-9,wasm,wasm,NO,1,10,616.100,615.440,615.130,0.310,0.0%,615.130,0.000,0.003,0.309,0.00,SUCCESS,"session_create_ms=505.1 | actual_backend=wasm | performance_detected_backend=wasm | performance_detection_confidence=0.8 | perf_metrics={""warmupMs"":""637.90"",""avgTimeMs"":""637.90"",""varianceMs"":0}",N/A,,N/A,12834.50,13000.74,0.35,1.10,35073.85,N/A,N/A,615.300,615.809,MatMul,246.052,Conv2D,184.539,Add,92.269,ReLU,61.513,Other,30.757
2026-01-13T23:09:30.616795,deeplabv3p-resnet50-human,wasm,wasm,NO,1,10,1875.300,1881.070,1880.620,0.450,0.7%,1880.620,13.700,0.002,0.445,0.00,SUCCESS,"session_create_ms=357.4 | actual_backend=wasm | performance_detected_backend=wasm | performance_detection_confidence=0.8 | perf_metrics={""warmupMs"":""1943.30"",""avgTimeMs"":""1943.30"",""varianceMs"":0}",N/A,,N/A,12638.27,12992.15,0.22,1.04,35156.27,N/A,N/A,1893.400,1880.991,Conv2D,1222.403,BiasAdd,282.093,ReLU,188.062,MaxPool,94.031,GlobalAveragePool,94.031
2026-01-13T23:10:10.534675,mobilebert_Opset18,wasm,wasm,NO,1,10,144.800,138.840,138.780,0.060,0.2%,138.780,0.289,0.000,0.073,0.00,SUCCESS,"session_create_ms=660.3 | actual_backend=wasm | performance_detected_backend=wasm | performance_detection_confidence=0.8 | perf_metrics={""warmupMs"":""165.50"",""avgTimeMs"":""165.50"",""varianceMs"":0}",N/A,,N/A,12237.32,12456.26,0.00,1.00,35159.41,N/A,N/A,139.100,139.455,MatMul,55.512,LayerNormalization,34.695,SoftmaxWithLog,20.817,Add,13.878,Reshape,13.878
2026-01-13T23:10:56.156472,bert_Opset17,wasm,wasm,NO,1,10,476.300,464.520,464.450,0.070,0.0%,464.450,0.000,0.000,0.073,0.00,SUCCESS,"session_create_ms=730.0 | actual_backend=wasm | performance_detected_backend=wasm | performance_detection_confidence=0.8 | perf_metrics={""warmupMs"":""499.50"",""avgTimeMs"":""499.50"",""varianceMs"":0}",N/A,,N/A,13019.55,13454.07,0.00,1.00,35155.10,N/A,N/A,464.300,465.664,MatMul,185.780,LayerNormalization,116.112,SoftmaxWithLog,69.667,Add,46.445,Reshape,46.445
2026-01-13T23:11:43.127246,gpt2lmhead_Opset18,wasm,wasm,NO,1,10,656.000,657.030,656.950,0.080,3.5%,656.950,23.633,0.000,0.073,0.00,SUCCESS,"session_create_ms=957.4 | actual_backend=wasm | performance_detected_backend=wasm | performance_detection_confidence=0.8 | perf_metrics={""warmupMs"":""720.30"",""avgTimeMs"":""720.30"",""varianceMs"":0}",N/A,,N/A,14018.66,14394.63,0.07,1.00,35354.39,N/A,N/A,678.300,657.009,MatMul,361.323,LayerNormalization,131.390,SoftmaxWithLog,98.543,Add,52.556,Reshape,13.139
2026-01-13T23:13:24.710663,alexnet_Opset16,webgpu,webgpu,NO,1,10,15.400,13.670,13.580,0.090,31.6%,13.580,6.033,0.042,0.100,0.00,SUCCESS,"session_create_ms=862.4 | actual_backend=webgpu | performance_detected_backend=webgpu | performance_detection_confidence=0.8 | perf_metrics={""warmupMs"":""436.30"",""avgTimeMs"":""436.30"",""varianceMs"":0}",N/A,,N/A,12713.53,13213.62,2.21,1.43,35062.86,N/A,N/A,19.100,13.927,Conv2D,8.148,ReLU,2.716,MaxPool,2.037,Dropout,0.407,FullyConnected,0.272
2026-01-13T23:14:04.881333,mobilenetv3_large_100_Opset17,webgpu,webgpu,NO,1,10,100.400,86.520,86.390,0.130,8.0%,86.390,7.422,0.007,0.136,2.71,SUCCESS,"session_create_ms=684.3 | actual_backend=webgpu | performance_detected_backend=webgpu | performance_detection_confidence=0.8 | perf_metrics={""warmupMs"":""977.90"",""avgTimeMs"":""977.90"",""varianceMs"":0}",N/A,,N/A,12089.36,12186.93,0.22,1.00,35133.33,N/A,N/A,93.200,87.918,DepthwiseConv2D,38.876,Conv2D,30.236,ReLU,10.367,GlobalAveragePool,5.183,Reshape,1.728
2026-01-13T23:14:45.053086,resnet50-v2,webgpu,webgpu,NO,1,10,66.400,69.810,69.680,0.130,14.0%,69.680,11.211,0.009,0.136,2.33,SUCCESS,"session_create_ms=789.6 | actual_backend=webgpu | performance_detected_backend=webgpu | performance_detection_confidence=0.8 | perf_metrics={""warmupMs"":""857.30"",""avgTimeMs"":""857.30"",""varianceMs"":0}",N/A,,N/A,12465.49,12663.96,2.33,1.17,35646.67,N/A,N/A,79.900,69.636,Conv2D,45.292,BiasAdd,10.452,ReLU,6.968,MaxPool,3.484,GlobalAveragePool,3.484
2026-01-13T23:15:25.453941,adv_inception_v3_Opset17,webgpu,webgpu,NO,1,10,95.400,82.110,81.910,0.200,13.3%,81.910,12.433,0.012,0.209,2.95,SUCCESS,"session_create_ms=740.7 | actual_backend=webgpu | performance_detected_backend=webgpu | performance_detection_confidence=0.8 | perf_metrics={""warmupMs"":""728.10"",""avgTimeMs"":""728.10"",""varianceMs"":0}",N/A,,N/A,12388.35,12582.00,4.47,1.26,35671.58,N/A,N/A,93.300,83.527,Conv2D,55.699,Concatenate,12.286,ReLU,8.191,AveragePool,4.096,MaxPool,1.638
2026-01-13T23:16:09.479180,efficientnet_b5_Opset17,webgpu,webgpu,NO,1,10,378.500,353.500,353.100,0.400,7.2%,353.100,27.111,0.006,0.400,9.86,SUCCESS,"session_create_ms=969.0 | actual_backend=webgpu | performance_detected_backend=webgpu | performance_detection_confidence=0.8 | perf_metrics={""warmupMs"":""740.00"",""avgTimeMs"":""740.00"",""varianceMs"":0}",N/A,,N/A,12566.19,12739.55,8.03,4.31,38255.38,N/A,N/A,377.900,356.173,MatMul,141.240,Conv2D,105.930,Add,52.965,ReLU,35.310,Other,17.655
2026-01-13T23:16:57.536348,vit_large_patch16_224_in21k_Opset18,webgpu,webgpu,NO,1,10,460.000,379.860,379.740,0.120,17.3%,379.740,77.933,0.001,0.136,11.06,SUCCESS,"session_create_ms=2585.7 | actual_backend=webgpu | performance_detected_backend=webgpu | performance_detection_confidence=0.8 | perf_metrics={""warmupMs"":""1399.50"",""avgTimeMs"":""1399.50"",""varianceMs"":0}",N/A,,N/A,16149.91,17600.14,22.10,10.10,49192.54,N/A,N/A,450.000,387.282,MatMul,189.870,LayerNormalization,75.948,Conv2D,56.961,Add,37.974,Attention,18.987
2026-01-13T23:17:39.613750,yolov2-coco-9,webgpu,webgpu,NO,1,10,47.900,29.550,29.260,0.290,19.9%,29.260,7.167,0.066,0.282,2.10,SUCCESS,"session_create_ms=971.0 | actual_backend=webgpu | performance_detected_backend=webgpu | performance_detection_confidence=0.8 | perf_metrics={""warmupMs"":""909.20"",""avgTimeMs"":""909.20"",""varianceMs"":0}",N/A,,N/A,13147.97,13632.57,1.20,1.00,34674.00,N/A,N/A,36.000,31.500,MatMul,11.704,Conv2D,8.778,Add,4.389,ReLU,2.926,Other,1.463
2026-01-13T23:18:20.916076,deeplabv3p-resnet50-human,webgpu,webgpu,NO,1,10,143.700,123.830,123.330,0.500,3.8%,123.330,4.856,0.023,0.491,20.53,SUCCESS,"session_create_ms=692.8 | actual_backend=webgpu | performance_detected_backend=webgpu | performance_detection_confidence=0.8 | perf_metrics={""warmupMs"":""913.70"",""avgTimeMs"":""913.70"",""varianceMs"":0}",N/A,,N/A,12401.17,12507.07,15.62,5.54,37701.25,N/A,N/A,128.200,126.127,Conv2D,80.165,BiasAdd,18.499,ReLU,12.333,MaxPool,6.167,GlobalAveragePool,6.167
2026-01-13T23:19:09.221635,mobilebert_Opset18,webgpu,webgpu,NO,1,10,819.000,760.580,760.520,0.060,0.0%,760.520,0.022,0.000,0.064,20.84,SUCCESS,"session_create_ms=1262.3 | actual_backend=webgpu | performance_detected_backend=webgpu | performance_detection_confidence=0.8 | perf_metrics={""warmupMs"":""926.00"",""avgTimeMs"":""926.00"",""varianceMs"":0}",N/A,,N/A,12667.10,12811.34,2.26,1.00,34982.90,N/A,N/A,760.600,765.955,MatMul,304.208,LayerNormalization,190.130,SoftmaxWithLog,114.078,Add,76.052,Reshape,76.052
2026-01-13T23:19:51.213305,bert_Opset17,webgpu,webgpu,NO,1,10,208.400,191.900,191.850,0.050,3.9%,191.850,7.778,0.000,0.064,5.57,SUCCESS,"session_create_ms=1201.3 | actual_backend=webgpu | performance_detected_backend=webgpu | performance_detection_confidence=0.8 | perf_metrics={""warmupMs"":""420.30"",""avgTimeMs"":""420.30"",""varianceMs"":0}",N/A,,N/A,13610.49,14287.87,8.31,3.08,36196.15,N/A,N/A,198.900,193.464,MatMul,76.740,LayerNormalization,47.962,SoftmaxWithLog,28.777,Add,19.185,Reshape,19.185
2026-01-13T23:20:35.729303,gpt2lmhead_Opset18,webgpu,webgpu,NO,1,10,285.100,314.950,314.620,0.330,4.6%,314.620,15.278,0.000,0.318,34.15,SUCCESS,"session_create_ms=1479.3 | actual_backend=webgpu | performance_detected_backend=webgpu | performance_detection_confidence=0.8 | perf_metrics={""warmupMs"":""598.40"",""avgTimeMs"":""598.40"",""varianceMs"":0}",N/A,,N/A,14611.62,15533.50,4.80,2.68,37893.66,N/A,N/A,328.700,312.555,MatMul,173.041,LayerNormalization,62.924,SoftmaxWithLog,47.193,Add,25.170,Reshape,6.292
2026-01-13T23:22:34.825794,alexnet_Opset16,webgl,webgl,NO,1,10,67.900,68.530,68.420,0.110,0.0%,68.420,0.000,0.008,0.109,0.00,SUCCESS,"session_create_ms=734.2 | actual_backend=webgl | performance_detected_backend=webgl | performance_detection_confidence=0.8 | perf_metrics={""warmupMs"":""82.70"",""avgTimeMs"":""82.70"",""varianceMs"":0}",N/A,,N/A,12574.80,12937.47,0.00,1.00,34340.00,N/A,N/A,65.900,68.582,Conv2D,41.052,ReLU,13.684,MaxPool,10.263,Dropout,2.053,FullyConnected,1.368
2026-01-13T23:23:13.253066,mobilenetv3_large_100_Opset17,webgl,webgl,NO,1,10,53.600,46.390,46.210,0.180,8.4%,46.210,4.233,0.012,0.182,0.00,SUCCESS,"session_create_ms=509.1 | actual_backend=webgl | performance_detected_backend=webgl | performance_detection_confidence=0.8 | perf_metrics={""warmupMs"":""88.10"",""avgTimeMs"":""88.10"",""varianceMs"":0}",N/A,,N/A,12025.45,12112.25,0.00,1.00,34370.00,N/A,N/A,50.200,47.227,DepthwiseConv2D,20.794,Conv2D,16.174,ReLU,5.545,GlobalAveragePool,2.773,Reshape,0.924
2026-01-13T23:23:55.929937,resnet50-v2,webgl,webgl,NO,1,10,457.900,371.470,371.350,0.120,0.0%,371.350,0.000,0.001,0.127,0.00,SUCCESS,"session_create_ms=647.9 | actual_backend=webgl | performance_detected_backend=webgl | performance_detection_confidence=0.8 | perf_metrics={""warmupMs"":""519.60"",""avgTimeMs"":""519.60"",""varianceMs"":0}",N/A,,N/A,12293.22,12455.39,0.00,1.00,34356.36,N/A,N/A,362.100,379.455,Conv2D,241.378,BiasAdd,55.703,ReLU,37.135,MaxPool,18.568,GlobalAveragePool,18.568
2026-01-13T23:24:40.556176,adv_inception_v3_Opset17,webgl,webgl,NO,1,10,530.700,554.130,553.940,0.190,0.0%,553.940,0.000,0.002,0.209,0.00,SUCCESS,"session_create_ms=591.2 | actual_backend=webgl | performance_detected_backend=webgl | performance_detection_confidence=0.8 | perf_metrics={""warmupMs"":""621.20"",""avgTimeMs"":""621.20"",""varianceMs"":0}",N/A,,N/A,12223.92,12359.55,0.00,1.00,34273.72,N/A,N/A,457.900,552.209,Conv2D,376.679,Concatenate,83.091,ReLU,55.394,AveragePool,27.697,MaxPool,11.079
2026-01-13T23:25:36.341918,efficientnet_b5_Opset17,webgl,webgl,NO,1,10,1541.800,1428.990,1428.630,0.360,0.0%,1428.630,0.000,0.002,0.364,0.00,SUCCESS,"session_create_ms=692.9 | actual_backend=webgl | performance_detected_backend=webgl | performance_detection_confidence=0.8 | perf_metrics={""warmupMs"":""1866.50"",""avgTimeMs"":""1866.50"",""varianceMs"":0}",N/A,,N/A,12346.19,12432.91,0.10,1.00,34516.54,N/A,N/A,1428.200,1439.609,MatMul,571.452,Conv2D,428.589,Add,214.294,ReLU,142.863,Other,71.432
2026-01-13T23:27:28.709767,vit_large_patch16_224_in21k_Opset18,webgl,webgl,NO,1,10,6513.000,5783.970,5783.780,0.190,12.5%,5783.780,817.033,0.000,0.182,0.00,SUCCESS,"session_create_ms=2686.6 | actual_backend=webgl | performance_detected_backend=webgl | performance_detection_confidence=0.8 | perf_metrics={""warmupMs"":""6216.30"",""avgTimeMs"":""6216.30"",""varianceMs"":0}",N/A,,N/A,16180.69,16679.71,0.07,1.00,34543.81,N/A,N/A,6519.300,5850.427,MatMul,2891.890,LayerNormalization,1156.756,Conv2D,867.567,Add,578.378,Attention,289.189
2026-01-13T23:28:20.538187,yolov2-coco-9,webgl,webgl,NO,1,10,1101.600,1102.810,1102.490,0.320,0.0%,1102.490,0.000,0.002,0.318,0.00,SUCCESS,"session_create_ms=738.9 | actual_backend=webgl | performance_detected_backend=webgl | performance_detection_confidence=0.8 | perf_metrics={""warmupMs"":""1405.80"",""avgTimeMs"":""1405.80"",""varianceMs"":0}",N/A,,N/A,11295.64,11384.16,0.20,1.00,34516.79,N/A,N/A,1102.000,1103.018,MatMul,440.996,Conv2D,330.747,Add,165.374,ReLU,110.249,Other,55.125
2026-01-13T23:29:43.074841,deeplabv3p-resnet50-human,webgl,webgl,NO,1,10,3428.700,3638.350,3637.900,0.450,0.0%,3637.900,0.000,0.001,0.445,0.00,SUCCESS,"session_create_ms=531.0 | actual_backend=webgl | performance_detected_backend=webgl | performance_detection_confidence=0.8 | perf_metrics={""warmupMs"":""3792.60"",""avgTimeMs"":""3792.60"",""varianceMs"":0}",N/A,,N/A,10972.25,11315.55,0.20,1.00,34652.64,N/A,N/A,3433.700,3619.736,Conv2D,2364.635,BiasAdd,545.685,ReLU,363.790,MaxPool,181.895,GlobalAveragePool,181.895
2026-01-13T23:30:25.163998,mobilebert_Opset18,webgl,webgl,NO,1,10,303.000,297.280,297.220,0.060,0.0%,297.220,0.000,0.000,0.073,0.00,SUCCESS,"session_create_ms=1149.2 | actual_backend=webgl | performance_detected_backend=webgl | performance_detection_confidence=0.8 | perf_metrics={""warmupMs"":""341.80"",""avgTimeMs"":""341.80"",""varianceMs"":0}",N/A,,N/A,10636.33,10851.89,0.17,1.00,34510.00,N/A,N/A,293.000,297.873,MatMul,118.888,LayerNormalization,74.305,SoftmaxWithLog,44.583,Add,29.722,Reshape,29.722
2026-01-13T23:31:18.061172,bert_Opset17,webgl,webgl,NO,1,10,1183.100,1184.960,1184.890,0.070,0.2%,1184.890,2.156,0.000,0.082,0.00,SUCCESS,"session_create_ms=1145.5 | actual_backend=webgl | performance_detected_backend=webgl | performance_detection_confidence=0.8 | perf_metrics={""warmupMs"":""956.70"",""avgTimeMs"":""956.70"",""varianceMs"":0}",N/A,,N/A,11638.46,11790.92,0.18,1.00,34577.89,N/A,N/A,1186.900,1184.873,MatMul,473.956,LayerNormalization,296.223,SoftmaxWithLog,177.734,Add,118.489,Reshape,118.489
2026-01-13T23:32:17.040735,gpt2lmhead_Opset18,webgl,webgl,NO,1,10,1542.400,1536.280,1536.170,0.110,0.5%,1536.170,7.800,0.000,0.109,0.00,SUCCESS,"session_create_ms=1381.8 | actual_backend=webgl | performance_detected_backend=webgl | performance_detection_confidence=0.8 | perf_metrics={""warmupMs"":""2335.20"",""avgTimeMs"":""2335.20"",""varianceMs"":0}",N/A,,N/A,12505.40,12767.33,0.10,1.00,34489.28,N/A,N/A,1543.300,1536.945,MatMul,844.894,LayerNormalization,307.234,SoftmaxWithLog,230.425,Add,122.894,Reshape,30.723
2026-01-13T23:34:51.557873,alexnet_Opset16,webgpu,webgpu,NO,1,5,11.500,10.900,10.760,0.140,14.2%,10.760,1.750,0.051,0.133,0.00,SUCCESS,"session_create_ms=582.5 | actual_backend=webgpu | performance_detected_backend=webgpu | performance_detection_confidence=0.8 | perf_metrics={""warmupMs"":""202.10"",""avgTimeMs"":""202.10"",""varianceMs"":0}",N/A,,N/A,11189.50,11664.23,7.17,3.08,34370.00,N/A,N/A,12.300,11.133,Conv2D,6.456,ReLU,2.152,MaxPool,1.614,Dropout,0.323,FullyConnected,0.215
2026-01-13T23:35:30.533519,mobilenetv3_large_100_Opset17,webgpu,webgpu,NO,1,5,59.700,38.540,38.440,0.100,2.4%,38.440,0.950,0.014,0.117,3.17,SUCCESS,"session_create_ms=474.0 | actual_backend=webgpu | performance_detected_backend=webgpu | performance_detection_confidence=0.8 | perf_metrics={""warmupMs"":""294.10"",""avgTimeMs"":""294.10"",""varianceMs"":0}",N/A,,N/A,10496.44,10591.39,0.83,1.00,34300.00,N/A,N/A,39.300,42.183,DepthwiseConv2D,17.298,Conv2D,13.454,ReLU,4.613,GlobalAveragePool,2.306,Reshape,0.769
2026-01-13T23:36:09.542315,resnet50-v2,webgpu,webgpu,NO,1,5,45.500,33.960,33.840,0.120,21.5%,33.840,8.800,0.016,0.117,4.49,SUCCESS,"session_create_ms=553.9 | actual_backend=webgpu | performance_detected_backend=webgpu | performance_detection_confidence=0.8 | perf_metrics={""warmupMs"":""289.80"",""avgTimeMs"":""289.80"",""varianceMs"":0}",N/A,,N/A,10819.53,11018.91,8.33,2.67,34410.00,N/A,N/A,41.000,36.000,Conv2D,21.996,BiasAdd,5.076,ReLU,3.384,MaxPool,1.692,GlobalAveragePool,1.692
2026-01-13T23:36:48.617386,adv_inception_v3_Opset17,webgpu,webgpu,NO,1,5,43.300,37.820,37.700,0.120,20.4%,37.700,9.225,0.026,0.133,5.86,SUCCESS,"session_create_ms=510.2 | actual_backend=webgpu | performance_detected_backend=webgpu | performance_detection_confidence=0.8 | perf_metrics={""warmupMs"":""301.40"",""avgTimeMs"":""301.40"",""varianceMs"":0}",N/A,,N/A,10769.37,10905.65,12.92,2.25,34683.33,N/A,N/A,45.200,38.867,Conv2D,25.636,Concatenate,5.655,ReLU,3.770,AveragePool,1.885,MaxPool,0.754
2026-01-13T23:37:27.619136,efficientnet_b5_Opset17,webgpu,webgpu,NO,1,5,149.700,141.740,141.460,0.280,9.9%,141.460,15.200,0.016,0.283,4.38,SUCCESS,"session_create_ms=597.7 | actual_backend=webgpu | performance_detected_backend=webgpu | performance_detection_confidence=0.8 | perf_metrics={""warmupMs"":""331.10"",""avgTimeMs"":""331.10"",""varianceMs"":0}",N/A,,N/A,10897.00,11171.94,14.09,6.45,34300.00,N/A,N/A,153.900,143.350,MatMul,56.584,Conv2D,42.438,Add,21.219,ReLU,14.146,Other,7.073
2026-01-13T23:38:10.684320,vit_large_patch16_224_in21k_Opset18,webgpu,webgpu,NO,1,5,158.300,154.520,154.460,0.060,2.4%,154.460,3.725,0.004,0.067,8.31,SUCCESS,"session_create_ms=1783.3 | actual_backend=webgpu | performance_detected_backend=webgpu | performance_detection_confidence=0.8 | perf_metrics={""warmupMs"":""669.20"",""avgTimeMs"":""669.20"",""varianceMs"":0}",N/A,,N/A,13686.64,15758.14,19.78,9.00,34711.56,N/A,N/A,157.500,155.217,MatMul,77.230,LayerNormalization,30.892,Conv2D,23.169,Add,15.446,Attention,7.723
2026-01-13T23:38:49.790987,yolov2-coco-9,webgpu,webgpu,NO,1,5,27.100,24.020,23.760,0.260,0.0%,23.760,0.000,0.080,0.283,1.47,SUCCESS,"session_create_ms=682.4 | actual_backend=webgpu | performance_detected_backend=webgpu | performance_detection_confidence=0.8 | perf_metrics={""warmupMs"":""251.40"",""avgTimeMs"":""251.40"",""varianceMs"":0}",N/A,,N/A,11455.81,11999.57,4.58,1.92,36052.50,N/A,N/A,23.400,24.817,MatMul,9.504,Conv2D,7.128,Add,3.564,ReLU,2.376,Other,1.188
2026-01-13T23:39:28.964376,deeplabv3p-resnet50-human,webgpu,webgpu,NO,1,5,91.100,82.740,82.320,0.420,7.6%,82.320,6.700,0.035,0.400,21.97,SUCCESS,"session_create_ms=480.0 | actual_backend=webgpu | performance_detected_backend=webgpu | performance_detection_confidence=0.8 | perf_metrics={""warmupMs"":""395.80"",""avgTimeMs"":""395.80"",""varianceMs"":0}",N/A,,N/A,10754.52,10857.37,15.00,6.42,37810.00,N/A,N/A,88.100,84.533,Conv2D,53.508,BiasAdd,12.348,ReLU,8.232,MaxPool,4.116,GlobalAveragePool,4.116
2026-01-13T23:40:09.440421,mobilebert_Opset18,webgpu,webgpu,NO,1,5,311.000,291.400,291.360,0.040,0.0%,291.360,0.000,0.000,0.050,6.70,SUCCESS,"session_create_ms=770.5 | actual_backend=webgpu | performance_detected_backend=webgpu | performance_detection_confidence=0.8 | perf_metrics={""warmupMs"":""403.40"",""avgTimeMs"":""403.40"",""varianceMs"":0}",N/A,,N/A,11004.98,11174.41,1.84,1.00,35286.32,N/A,N/A,288.200,294.717,MatMul,116.544,LayerNormalization,72.840,SoftmaxWithLog,43.704,Add,29.136,Reshape,29.136
2026-01-13T23:40:49.090857,bert_Opset17,webgpu,webgpu,NO,1,5,85.700,80.300,80.200,0.100,0.0%,80.200,0.000,0.000,0.100,3.47,SUCCESS,"session_create_ms=805.7 | actual_backend=webgpu | performance_detected_backend=webgpu | performance_detection_confidence=0.8 | perf_metrics={""warmupMs"":""237.00"",""avgTimeMs"":""237.00"",""varianceMs"":0}",N/A,,N/A,11740.38,12575.35,0.43,1.00,36177.86,N/A,N/A,78.900,81.300,MatMul,32.080,LayerNormalization,20.050,SoftmaxWithLog,12.030,Add,8.020,Reshape,8.020
2026-01-13T23:41:30.427654,gpt2lmhead_Opset18,webgpu,webgpu,NO,1,5,182.600,180.180,180.100,0.080,4.4%,180.100,8.150,0.000,0.083,33.56,SUCCESS,"session_create_ms=1031.9 | actual_backend=webgpu | performance_detected_backend=webgpu | performance_detection_confidence=0.8 | perf_metrics={""warmupMs"":""426.40"",""avgTimeMs"":""426.40"",""varianceMs"":0}",N/A,,N/A,12618.88,13738.81,4.29,2.00,36053.75,N/A,N/A,186.700,180.667,MatMul,99.055,LayerNormalization,36.020,SoftmaxWithLog,27.015,Add,14.408,Reshape,3.602
2026-01-13T23:42:52.916612,alexnet_Opset16,webgl,webgl,NO,1,5,38.800,38.400,38.240,0.160,0.6%,38.240,0.250,0.015,0.167,0.00,SUCCESS,"session_create_ms=524.0 | actual_backend=webgl | performance_detected_backend=webgl | performance_detection_confidence=0.8 | perf_metrics={""warmupMs"":""50.40"",""avgTimeMs"":""50.40"",""varianceMs"":0}",N/A,,N/A,10880.78,11377.86,1.50,1.75,35400.00,N/A,N/A,38.600,38.633,Conv2D,22.944,ReLU,7.648,MaxPool,5.736,Dropout,1.147,FullyConnected,0.765
2026-01-13T23:43:31.026166,mobilenetv3_large_100_Opset17,webgl,webgl,NO,1,5,23.000,22.700,22.640,0.060,1.6%,22.640,0.375,0.025,0.067,0.00,SUCCESS,"session_create_ms=358.2 | actual_backend=webgl | performance_detected_backend=webgl | performance_detection_confidence=0.8 | perf_metrics={""warmupMs"":""43.00"",""avgTimeMs"":""43.00"",""varianceMs"":0}",N/A,,N/A,10426.54,10516.12,0.00,1.00,35220.00,N/A,N/A,23.000,22.817,DepthwiseConv2D,10.188,Conv2D,7.924,ReLU,2.717,GlobalAveragePool,1.358,Reshape,0.453
2026-01-13T23:44:10.031194,resnet50-v2,webgl,webgl,NO,1,5,195.600,193.400,193.240,0.160,0.0%,193.240,0.000,0.003,0.133,0.00,SUCCESS,"session_create_ms=412.4 | actual_backend=webgl | performance_detected_backend=webgl | performance_detection_confidence=0.8 | perf_metrics={""warmupMs"":""218.00"",""avgTimeMs"":""218.00"",""varianceMs"":0}",N/A,,N/A,10715.44,10864.51,0.00,1.00,35270.00,N/A,N/A,192.100,193.900,Conv2D,125.606,BiasAdd,28.986,ReLU,19.324,MaxPool,9.662,GlobalAveragePool,9.662
2026-01-13T23:44:49.428269,adv_inception_v3_Opset17,webgl,webgl,NO,1,5,253.300,249.300,249.120,0.180,0.0%,249.120,0.000,0.004,0.183,0.00,SUCCESS,"session_create_ms=371.8 | actual_backend=webgl | performance_detected_backend=webgl | performance_detection_confidence=0.8 | perf_metrics={""warmupMs"":""278.40"",""avgTimeMs"":""278.40"",""varianceMs"":0}",N/A,,N/A,10671.89,10795.12,0.00,1.00,35364.29,N/A,N/A,249.000,250.150,Conv2D,169.402,Concatenate,37.368,ReLU,24.912,AveragePool,12.456,MaxPool,4.982
2026-01-13T23:45:32.452868,efficientnet_b5_Opset17,webgl,webgl,NO,1,5,753.200,751.940,751.620,0.320,0.0%,751.620,0.000,0.003,0.317,0.00,SUCCESS,"session_create_ms=454.6 | actual_backend=webgl | performance_detected_backend=webgl | performance_detection_confidence=0.8 | perf_metrics={""warmupMs"":""790.90"",""avgTimeMs"":""790.90"",""varianceMs"":0}",N/A,,N/A,10767.58,10872.29,0.00,1.00,35487.43,N/A,N/A,750.100,752.467,MatMul,300.648,Conv2D,225.486,Add,112.743,ReLU,75.162,Other,37.581
2026-01-13T23:46:30.988450,vit_large_patch16_224_in21k_Opset18,webgl,webgl,NO,1,5,2506.700,2549.380,2549.280,0.100,0.0%,2549.280,0.000,0.000,0.100,0.00,SUCCESS,"session_create_ms=1913.3 | actual_backend=webgl | performance_detected_backend=webgl | performance_detection_confidence=0.8 | perf_metrics={""warmupMs"":""2555.00"",""avgTimeMs"":""2555.00"",""varianceMs"":0}",N/A,,N/A,14512.85,15006.96,0.00,1.00,35408.54,N/A,N/A,2518.700,2542.367,MatMul,1274.640,LayerNormalization,509.856,Conv2D,382.392,Add,254.928,Attention,127.464
2026-01-13T23:47:13.128973,yolov2-coco-9,webgl,webgl,NO,1,5,614.000,614.800,614.520,0.280,0.8%,614.520,4.875,0.003,0.283,0.00,SUCCESS,"session_create_ms=498.7 | actual_backend=webgl | performance_detected_backend=webgl | performance_detection_confidence=0.8 | perf_metrics={""warmupMs"":""635.50"",""avgTimeMs"":""635.50"",""varianceMs"":0}",N/A,,N/A,11341.32,11453.55,0.00,1.00,35456.00,N/A,N/A,618.700,614.950,MatMul,245.808,Conv2D,184.356,Add,92.178,ReLU,61.452,Other,30.726
2026-01-13T23:48:03.970973,deeplabv3p-resnet50-human,webgl,webgl,NO,1,5,1881.100,1891.760,1891.380,0.380,0.5%,1891.380,9.300,0.002,0.383,0.00,SUCCESS,"session_create_ms=378.7 | actual_backend=webgl | performance_detected_backend=webgl | performance_detection_confidence=0.8 | perf_metrics={""warmupMs"":""1943.10"",""avgTimeMs"":""1943.10"",""varianceMs"":0}",N/A,,N/A,11144.25,11390.44,0.00,1.00,35560.00,N/A,N/A,1899.200,1890.367,Conv2D,1229.397,BiasAdd,283.707,ReLU,189.138,MaxPool,94.569,GlobalAveragePool,94.569
2026-01-13T23:48:42.829375,mobilebert_Opset18,webgl,webgl,NO,1,5,141.700,136.640,136.540,0.100,0.0%,136.540,0.000,0.000,0.100,0.00,SUCCESS,"session_create_ms=650.0 | actual_backend=webgl | performance_detected_backend=webgl | performance_detection_confidence=0.8 | perf_metrics={""warmupMs"":""163.30"",""avgTimeMs"":""163.30"",""varianceMs"":0}",N/A,,N/A,10844.19,11045.54,0.00,1.00,35330.00,N/A,N/A,135.800,137.583,MatMul,54.616,LayerNormalization,34.135,SoftmaxWithLog,20.481,Add,13.654,Reshape,13.654
2026-01-13T23:49:24.499829,bert_Opset17,webgl,webgl,NO,1,5,465.000,464.180,464.140,0.040,0.1%,464.140,0.275,0.000,0.050,0.00,SUCCESS,"session_create_ms=746.2 | actual_backend=webgl | performance_detected_backend=webgl | performance_detection_confidence=0.8 | perf_metrics={""warmupMs"":""493.00"",""avgTimeMs"":""493.00"",""varianceMs"":0}",N/A,,N/A,11663.62,11999.38,1.11,1.22,35413.70,N/A,N/A,464.400,464.367,MatMul,185.656,LayerNormalization,116.035,SoftmaxWithLog,69.621,Add,46.414,Reshape,46.414
2026-01-13T23:50:08.106200,gpt2lmhead_Opset18,webgl,webgl,NO,1,5,663.100,656.600,656.520,0.080,0.0%,656.520,0.000,0.000,0.067,0.00,SUCCESS,"session_create_ms=931.8 | actual_backend=webgl | performance_detected_backend=webgl | performance_detection_confidence=0.8 | perf_metrics={""warmupMs"":""697.30"",""avgTimeMs"":""697.30"",""varianceMs"":0}",N/A,,N/A,12422.33,12875.59,0.13,1.00,35169.74,N/A,N/A,655.100,657.750,MatMul,361.086,LayerNormalization,131.304,SoftmaxWithLog,98.478,Add,52.522,Reshape,13.130
2026-01-13T23:51:45.174420,alexnet_Opset16,wasm,wasm,NO,1,5,38.100,38.900,38.840,0.060,0.0%,38.840,0.000,0.014,0.083,0.00,SUCCESS,"session_create_ms=506.1 | actual_backend=wasm | performance_detected_backend=wasm | performance_detection_confidence=0.8 | perf_metrics={""warmupMs"":""50.30"",""avgTimeMs"":""50.30"",""varianceMs"":0}",N/A,,N/A,11002.64,11499.99,2.25,1.75,35070.00,N/A,N/A,38.900,38.850,Conv2D,23.304,ReLU,7.768,MaxPool,5.826,Dropout,1.165,FullyConnected,0.777
2026-01-13T23:52:23.139723,mobilenetv3_large_100_Opset17,wasm,wasm,NO,1,5,21.700,22.200,22.080,0.120,1.1%,22.080,0.250,0.025,0.117,0.00,SUCCESS,"session_create_ms=349.9 | actual_backend=wasm | performance_detected_backend=wasm | performance_detection_confidence=0.8 | perf_metrics={""warmupMs"":""43.60"",""avgTimeMs"":""43.60"",""varianceMs"":0}",N/A,,N/A,10508.58,10629.43,0.00,1.00,35080.00,N/A,N/A,22.400,22.233,DepthwiseConv2D,9.936,Conv2D,7.728,ReLU,2.650,GlobalAveragePool,1.325,Reshape,0.442
2026-01-13T23:53:02.193052,resnet50-v2,wasm,wasm,NO,1,5,196.200,190.520,190.400,0.120,1.2%,190.400,2.350,0.003,0.117,0.00,SUCCESS,"session_create_ms=402.3 | actual_backend=wasm | performance_detected_backend=wasm | performance_detection_confidence=0.8 | perf_metrics={""warmupMs"":""223.70"",""avgTimeMs"":""223.70"",""varianceMs"":0}",N/A,,N/A,10772.75,10918.45,0.00,1.00,35150.00,N/A,N/A,192.400,191.583,Conv2D,123.760,BiasAdd,28.560,ReLU,19.040,MaxPool,9.520,GlobalAveragePool,9.520
2026-01-13T23:53:43.841699,adv_inception_v3_Opset17,wasm,wasm,NO,1,5,539.100,549.760,548.680,1.080,0.0%,548.680,0.000,0.002,0.967,0.00,SUCCESS,"session_create_ms=566.7 | actual_backend=wasm | performance_detected_backend=wasm | performance_detection_confidence=0.8 | perf_metrics={""warmupMs"":""565.80"",""avgTimeMs"":""565.80"",""varianceMs"":0}",N/A,,N/A,10741.31,10871.34,0.00,1.00,35346.67,N/A,N/A,470.300,548.950,Conv2D,373.102,Concatenate,82.302,ReLU,54.868,AveragePool,27.434,MaxPool,10.974
2026-01-13T23:54:32.414359,efficientnet_b5_Opset17,wasm,wasm,NO,1,5,1522.100,1426.140,1425.100,1.040,0.0%,1425.100,0.000,0.002,0.950,0.00,SUCCESS,"session_create_ms=756.9 | actual_backend=wasm | performance_detected_backend=wasm | performance_detection_confidence=0.8 | perf_metrics={""warmupMs"":""1855.00"",""avgTimeMs"":""1855.00"",""varianceMs"":0}",N/A,,N/A,10845.06,10990.14,0.29,1.00,35136.36,N/A,N/A,1426.000,1443.083,MatMul,570.040,Conv2D,427.530,Add,213.765,ReLU,142.510,Other,71.255
2026-01-13T23:56:00.375717,vit_large_patch16_224_in21k_Opset18,wasm,wasm,NO,1,5,6525.400,6457.700,6457.560,0.140,0.0%,6457.560,0.000,0.000,0.133,0.00,SUCCESS,"session_create_ms=2636.1 | actual_backend=wasm | performance_detected_backend=wasm | performance_detection_confidence=0.8 | perf_metrics={""warmupMs"":""6194.70"",""avgTimeMs"":""6194.70"",""varianceMs"":0}",N/A,,N/A,14709.36,15192.98,0.00,1.00,35032.34,N/A,N/A,6296.200,6469.117,MatMul,3228.780,LayerNormalization,1291.512,Conv2D,968.634,Add,645.756,Attention,322.878
2026-01-13T23:56:46.300423,yolov2-coco-9,wasm,wasm,NO,1,5,1099.700,1103.360,1102.340,1.020,0.5%,1102.340,5.050,0.002,0.917,0.00,SUCCESS,"session_create_ms=727.7 | actual_backend=wasm | performance_detected_backend=wasm | performance_detection_confidence=0.8 | perf_metrics={""warmupMs"":""1135.00"",""avgTimeMs"":""1135.00"",""varianceMs"":0}",N/A,,N/A,11427.48,11553.19,0.00,1.00,34978.82,N/A,N/A,1107.400,1103.667,MatMul,440.936,Conv2D,330.702,Add,165.351,ReLU,110.234,Other,55.117
2026-01-13T23:57:50.315552,deeplabv3p-resnet50-human,wasm,wasm,NO,1,5,3392.400,3878.680,3878.160,0.520,0.0%,3878.160,0.000,0.001,0.500,0.00,SUCCESS,"session_create_ms=530.6 | actual_backend=wasm | performance_detected_backend=wasm | performance_detection_confidence=0.8 | perf_metrics={""warmupMs"":""3518.50"",""avgTimeMs"":""3518.50"",""varianceMs"":0}",N/A,,N/A,11083.64,11274.47,0.00,1.00,34977.40,N/A,N/A,3405.900,3798.133,Conv2D,2520.804,BiasAdd,581.724,ReLU,387.816,MaxPool,193.908,GlobalAveragePool,193.908
2026-01-13T23:58:30.812691,mobilebert_Opset18,wasm,wasm,NO,1,5,370.700,265.960,265.840,0.120,29.1%,265.840,100.800,0.000,0.117,0.00,SUCCESS,"session_create_ms=1114.7 | actual_backend=wasm | performance_detected_backend=wasm | performance_detection_confidence=0.8 | perf_metrics={""warmupMs"":""368.80"",""avgTimeMs"":""368.80"",""varianceMs"":0}",N/A,,N/A,10830.65,11031.39,0.20,1.00,35002.00,N/A,N/A,346.600,283.533,MatMul,106.336,LayerNormalization,66.460,SoftmaxWithLog,39.876,Add,26.584,Reshape,26.584
2026-01-13T23:59:17.738550,bert_Opset17,wasm,wasm,NO,1,5,1181.400,1184.320,1184.220,0.100,0.0%,1184.220,0.000,0.000,0.100,0.00,SUCCESS,"session_create_ms=1140.5 | actual_backend=wasm | performance_detected_backend=wasm | performance_detection_confidence=0.8 | perf_metrics={""warmupMs"":""945.00"",""avgTimeMs"":""945.00"",""varianceMs"":0}",N/A,,N/A,11792.90,12012.68,0.34,1.00,34969.82,N/A,N/A,1183.400,1183.933,MatMul,473.688,LayerNormalization,296.055,SoftmaxWithLog,177.633,Add,118.422,Reshape,118.422
2026-01-14T00:00:07.897621,gpt2lmhead_Opset18,wasm,wasm,NO,1,5,1555.500,1532.360,1532.240,0.120,0.0%,1532.240,0.000,0.000,0.117,0.00,SUCCESS,"session_create_ms=1394.5 | actual_backend=wasm | performance_detected_backend=wasm | performance_detection_confidence=0.8 | perf_metrics={""warmupMs"":""1507.50"",""avgTimeMs"":""1507.50"",""varianceMs"":0}",N/A,,N/A,12736.68,13040.02,0.22,1.00,35062.22,N/A,N/A,1530.000,1536.333,MatMul,842.732,LayerNormalization,306.448,SoftmaxWithLog,229.836,Add,122.579,Reshape,30.645
