timestamp,model,backend,timestamp_sec,gpu_core_utilization_percent,gpu_shared_memory_utilization_percent,gpu_power_draw_mw,memory_mb
2026-01-13T23:03:09.730413,alexnet_Opset16,wasm,1.16,0.0,1.0,35180.0,12104.53
2026-01-13T23:03:09.730413,alexnet_Opset16,wasm,2.25,0.0,1.0,35440.0,13047.38
2026-01-13T23:03:47.715696,mobilenetv3_large_100_Opset17,wasm,1.0,0.0,1.0,35320.0,12146.07
2026-01-13T23:04:29.039838,resnet50-v2,wasm,1.13,0.0,1.0,35340.0,11914.91
2026-01-13T23:04:29.039838,resnet50-v2,wasm,2.25,0.0,1.0,35390.0,12480.63
2026-01-13T23:04:29.039838,resnet50-v2,wasm,3.28,0.0,1.0,35390.0,12386.64
2026-01-13T23:04:29.039838,resnet50-v2,wasm,4.34,0.0,1.0,35490.0,12389.84
2026-01-13T23:05:10.006330,adv_inception_v3_Opset17,wasm,1.03,0.0,1.0,35160.0,12376.62
2026-01-13T23:05:10.006330,adv_inception_v3_Opset17,wasm,2.06,0.0,1.0,35160.0,12276.99
2026-01-13T23:05:10.006330,adv_inception_v3_Opset17,wasm,3.12,0.0,1.0,35330.0,12277.69
2026-01-13T23:05:57.070037,efficientnet_b5_Opset17,wasm,1.02,0.0,1.0,35130.0,12371.34
2026-01-13T23:05:57.070037,efficientnet_b5_Opset17,wasm,2.11,0.0,1.0,35350.0,12366.28
2026-01-13T23:05:57.070037,efficientnet_b5_Opset17,wasm,3.14,0.0,1.0,35350.0,12367.0
2026-01-13T23:05:57.070037,efficientnet_b5_Opset17,wasm,4.2,0.0,1.0,35370.0,12364.49
2026-01-13T23:05:57.070037,efficientnet_b5_Opset17,wasm,5.23,0.0,1.0,35370.0,12394.77
2026-01-13T23:05:57.070037,efficientnet_b5_Opset17,wasm,6.29,0.0,1.0,35260.0,12396.04
2026-01-13T23:05:57.070037,efficientnet_b5_Opset17,wasm,7.33,0.0,1.0,35260.0,12424.99
2026-01-13T23:05:57.070037,efficientnet_b5_Opset17,wasm,8.39,0.0,1.0,35280.0,12426.75
2026-01-13T23:05:57.070037,efficientnet_b5_Opset17,wasm,9.42,0.0,1.0,35280.0,12430.14
2026-01-13T23:07:42.021685,vit_large_patch16_224_in21k_Opset18,wasm,1.01,0.0,1.0,35300.0,12075.62
2026-01-13T23:07:42.021685,vit_large_patch16_224_in21k_Opset18,wasm,2.14,0.0,1.0,35460.0,12306.3
2026-01-13T23:07:42.021685,vit_large_patch16_224_in21k_Opset18,wasm,3.18,0.0,1.0,35460.0,12508.72
2026-01-13T23:07:42.021685,vit_large_patch16_224_in21k_Opset18,wasm,4.25,0.0,1.0,35420.0,12756.24
2026-01-13T23:07:42.021685,vit_large_patch16_224_in21k_Opset18,wasm,5.3,0.0,1.0,35420.0,12982.59
2026-01-13T23:07:42.021685,vit_large_patch16_224_in21k_Opset18,wasm,6.36,0.0,1.0,35330.0,13808.27
2026-01-13T23:07:42.021685,vit_large_patch16_224_in21k_Opset18,wasm,7.5,0.0,1.0,35330.0,15687.98
2026-01-13T23:07:42.021685,vit_large_patch16_224_in21k_Opset18,wasm,8.68,0.0,1.0,35350.0,16386.83
2026-01-13T23:07:42.021685,vit_large_patch16_224_in21k_Opset18,wasm,9.76,0.0,1.0,35350.0,16413.57
2026-01-13T23:07:42.021685,vit_large_patch16_224_in21k_Opset18,wasm,10.81,0.0,1.0,35270.0,16415.8
2026-01-13T23:07:42.021685,vit_large_patch16_224_in21k_Opset18,wasm,11.84,0.0,1.0,35270.0,16396.8
2026-01-13T23:07:42.021685,vit_large_patch16_224_in21k_Opset18,wasm,12.9,0.0,1.0,35260.0,16401.04
2026-01-13T23:07:42.021685,vit_large_patch16_224_in21k_Opset18,wasm,13.94,0.0,1.0,35260.0,16400.07
2026-01-13T23:07:42.021685,vit_large_patch16_224_in21k_Opset18,wasm,15.0,0.0,1.0,35190.0,16402.95
2026-01-13T23:07:42.021685,vit_large_patch16_224_in21k_Opset18,wasm,16.03,0.0,1.0,35190.0,16403.91
2026-01-13T23:07:42.021685,vit_large_patch16_224_in21k_Opset18,wasm,17.08,0.0,1.0,35230.0,16405.47
2026-01-13T23:07:42.021685,vit_large_patch16_224_in21k_Opset18,wasm,18.11,0.0,1.0,35230.0,16408.27
2026-01-13T23:07:42.021685,vit_large_patch16_224_in21k_Opset18,wasm,19.19,0.0,1.0,35350.0,16411.09
2026-01-13T23:07:42.021685,vit_large_patch16_224_in21k_Opset18,wasm,20.22,0.0,1.0,35350.0,16408.04
2026-01-13T23:07:42.021685,vit_large_patch16_224_in21k_Opset18,wasm,21.27,0.0,1.0,35240.0,16404.05
2026-01-13T23:07:42.021685,vit_large_patch16_224_in21k_Opset18,wasm,22.3,0.0,1.0,35240.0,16407.98
2026-01-13T23:07:42.021685,vit_large_patch16_224_in21k_Opset18,wasm,23.37,0.0,1.0,35170.0,16409.75
2026-01-13T23:07:42.021685,vit_large_patch16_224_in21k_Opset18,wasm,24.4,0.0,1.0,35170.0,16411.94
2026-01-13T23:07:42.021685,vit_large_patch16_224_in21k_Opset18,wasm,25.46,0.0,1.0,35250.0,16415.62
2026-01-13T23:07:42.021685,vit_large_patch16_224_in21k_Opset18,wasm,26.48,0.0,1.0,35250.0,16424.38
2026-01-13T23:07:42.021685,vit_large_patch16_224_in21k_Opset18,wasm,27.53,0.0,1.0,35370.0,16423.98
2026-01-13T23:07:42.021685,vit_large_patch16_224_in21k_Opset18,wasm,28.55,0.0,1.0,35370.0,16424.79
2026-01-13T23:07:42.021685,vit_large_patch16_224_in21k_Opset18,wasm,29.61,0.0,1.0,35460.0,16426.89
2026-01-13T23:07:42.021685,vit_large_patch16_224_in21k_Opset18,wasm,30.64,0.0,1.0,35460.0,16402.94
2026-01-13T23:07:42.021685,vit_large_patch16_224_in21k_Opset18,wasm,31.69,0.0,1.0,35350.0,16405.0
2026-01-13T23:07:42.021685,vit_large_patch16_224_in21k_Opset18,wasm,32.73,0.0,1.0,35350.0,16406.84
2026-01-13T23:07:42.021685,vit_large_patch16_224_in21k_Opset18,wasm,33.79,0.0,1.0,35330.0,16408.32
2026-01-13T23:07:42.021685,vit_large_patch16_224_in21k_Opset18,wasm,34.82,0.0,1.0,35330.0,16411.17
2026-01-13T23:07:42.021685,vit_large_patch16_224_in21k_Opset18,wasm,35.89,0.0,1.0,35270.0,16414.9
2026-01-13T23:07:42.021685,vit_large_patch16_224_in21k_Opset18,wasm,36.94,0.0,1.0,35270.0,16417.05
2026-01-13T23:07:42.021685,vit_large_patch16_224_in21k_Opset18,wasm,38.0,0.0,1.0,35310.0,16421.48
2026-01-13T23:07:42.021685,vit_large_patch16_224_in21k_Opset18,wasm,39.03,0.0,1.0,35310.0,16422.39
2026-01-13T23:07:42.021685,vit_large_patch16_224_in21k_Opset18,wasm,40.1,0.0,1.0,35320.0,16425.54
2026-01-13T23:07:42.021685,vit_large_patch16_224_in21k_Opset18,wasm,41.13,0.0,1.0,35320.0,16432.92
2026-01-13T23:07:42.021685,vit_large_patch16_224_in21k_Opset18,wasm,42.18,0.0,1.0,35120.0,16431.79
2026-01-13T23:07:42.021685,vit_large_patch16_224_in21k_Opset18,wasm,43.21,0.0,1.0,35120.0,16433.88
2026-01-13T23:07:42.021685,vit_large_patch16_224_in21k_Opset18,wasm,44.27,0.0,1.0,35240.0,16439.05
2026-01-13T23:07:42.021685,vit_large_patch16_224_in21k_Opset18,wasm,45.3,0.0,1.0,35240.0,16409.2
2026-01-13T23:07:42.021685,vit_large_patch16_224_in21k_Opset18,wasm,46.36,0.0,1.0,35140.0,16411.02
2026-01-13T23:07:42.021685,vit_large_patch16_224_in21k_Opset18,wasm,47.39,0.0,1.0,35140.0,16412.3
2026-01-13T23:07:42.021685,vit_large_patch16_224_in21k_Opset18,wasm,48.45,0.0,1.0,35240.0,16413.74
2026-01-13T23:07:42.021685,vit_large_patch16_224_in21k_Opset18,wasm,49.48,0.0,1.0,35240.0,16415.41
2026-01-13T23:07:42.021685,vit_large_patch16_224_in21k_Opset18,wasm,50.54,0.0,1.0,35290.0,16416.92
2026-01-13T23:07:42.021685,vit_large_patch16_224_in21k_Opset18,wasm,51.57,0.0,1.0,35290.0,16419.33
2026-01-13T23:07:42.021685,vit_large_patch16_224_in21k_Opset18,wasm,52.63,0.0,1.0,35210.0,16420.9
2026-01-13T23:07:42.021685,vit_large_patch16_224_in21k_Opset18,wasm,53.66,0.0,1.0,35210.0,16421.57
2026-01-13T23:07:42.021685,vit_large_patch16_224_in21k_Opset18,wasm,54.72,0.0,1.0,35190.0,16417.98
2026-01-13T23:07:42.021685,vit_large_patch16_224_in21k_Opset18,wasm,55.75,0.0,1.0,35190.0,16417.85
2026-01-13T23:07:42.021685,vit_large_patch16_224_in21k_Opset18,wasm,56.81,0.0,1.0,35170.0,16418.42
2026-01-13T23:07:42.021685,vit_large_patch16_224_in21k_Opset18,wasm,57.83,0.0,1.0,35170.0,16421.21
2026-01-13T23:07:42.021685,vit_large_patch16_224_in21k_Opset18,wasm,58.89,0.0,1.0,35080.0,16422.16
2026-01-13T23:07:42.021685,vit_large_patch16_224_in21k_Opset18,wasm,59.92,0.0,1.0,35080.0,16425.06
2026-01-13T23:07:42.021685,vit_large_patch16_224_in21k_Opset18,wasm,61.0,0.0,1.0,35060.0,16423.84
2026-01-13T23:07:42.021685,vit_large_patch16_224_in21k_Opset18,wasm,62.04,0.0,1.0,35060.0,16421.7
2026-01-13T23:07:42.021685,vit_large_patch16_224_in21k_Opset18,wasm,63.1,0.0,1.0,35140.0,16422.53
2026-01-13T23:07:42.021685,vit_large_patch16_224_in21k_Opset18,wasm,64.13,0.0,1.0,35140.0,16424.04
2026-01-13T23:07:42.021685,vit_large_patch16_224_in21k_Opset18,wasm,65.19,0.0,1.0,35140.0,16424.48
2026-01-13T23:07:42.021685,vit_large_patch16_224_in21k_Opset18,wasm,66.23,0.0,1.0,35140.0,16425.84
2026-01-13T23:07:42.021685,vit_large_patch16_224_in21k_Opset18,wasm,67.3,0.0,1.0,35060.0,15104.25
2026-01-13T23:08:28.360760,yolov2-coco-9,wasm,1.03,3.0,2.0,35020.0,12246.07
2026-01-13T23:08:28.360760,yolov2-coco-9,wasm,2.06,0.0,1.0,35020.0,12958.77
2026-01-13T23:08:28.360760,yolov2-coco-9,wasm,3.12,0.0,1.0,35090.0,12961.03
2026-01-13T23:08:28.360760,yolov2-coco-9,wasm,4.14,0.0,1.0,35090.0,12965.76
2026-01-13T23:08:28.360760,yolov2-coco-9,wasm,5.21,0.0,1.0,35060.0,12967.31
2026-01-13T23:08:28.360760,yolov2-coco-9,wasm,6.24,0.0,1.0,35060.0,12969.13
2026-01-13T23:08:28.360760,yolov2-coco-9,wasm,7.29,0.0,1.0,35110.0,12973.25
2026-01-13T23:08:28.360760,yolov2-coco-9,wasm,8.32,0.0,1.0,35110.0,12975.4
2026-01-13T23:09:28.612343,deeplabv3p-resnet50-human,wasm,1.0,5.0,2.0,35050.0,12207.87
2026-01-13T23:09:28.612343,deeplabv3p-resnet50-human,wasm,2.03,0.0,1.0,35050.0,12120.79
2026-01-13T23:09:28.612343,deeplabv3p-resnet50-human,wasm,3.09,0.0,1.0,35160.0,12380.38
2026-01-13T23:09:28.612343,deeplabv3p-resnet50-human,wasm,4.12,0.0,1.0,35160.0,12380.04
2026-01-13T23:09:28.612343,deeplabv3p-resnet50-human,wasm,5.18,0.0,1.0,35190.0,12453.82
2026-01-13T23:09:28.612343,deeplabv3p-resnet50-human,wasm,6.21,0.0,1.0,35190.0,12567.51
2026-01-13T23:09:28.612343,deeplabv3p-resnet50-human,wasm,7.27,0.0,1.0,35160.0,12713.02
2026-01-13T23:09:28.612343,deeplabv3p-resnet50-human,wasm,8.31,0.0,1.0,35160.0,12669.04
2026-01-13T23:09:28.612343,deeplabv3p-resnet50-human,wasm,9.37,0.0,1.0,35210.0,12668.2
2026-01-13T23:09:28.612343,deeplabv3p-resnet50-human,wasm,10.4,0.0,1.0,35210.0,12688.96
2026-01-13T23:09:28.612343,deeplabv3p-resnet50-human,wasm,11.46,0.0,1.0,35150.0,12690.03
2026-01-13T23:09:28.612343,deeplabv3p-resnet50-human,wasm,12.5,0.0,1.0,35150.0,12711.38
2026-01-13T23:09:28.612343,deeplabv3p-resnet50-human,wasm,13.57,0.0,1.0,35230.0,12713.54
2026-01-13T23:09:28.612343,deeplabv3p-resnet50-human,wasm,14.6,0.0,1.0,35230.0,12733.85
2026-01-13T23:09:28.612343,deeplabv3p-resnet50-human,wasm,15.65,0.0,1.0,35110.0,12736.74
2026-01-13T23:09:28.612343,deeplabv3p-resnet50-human,wasm,16.68,0.0,1.0,35110.0,12675.09
2026-01-13T23:09:28.612343,deeplabv3p-resnet50-human,wasm,17.73,0.0,1.0,35180.0,12706.65
2026-01-13T23:09:28.612343,deeplabv3p-resnet50-human,wasm,18.76,0.0,1.0,35180.0,12708.32
2026-01-13T23:09:28.612343,deeplabv3p-resnet50-human,wasm,19.82,0.0,1.0,35180.0,12966.34
2026-01-13T23:09:28.612343,deeplabv3p-resnet50-human,wasm,20.84,0.0,1.0,35180.0,12967.84
2026-01-13T23:09:28.612343,deeplabv3p-resnet50-human,wasm,21.9,0.0,1.0,35100.0,12990.46
2026-01-13T23:09:28.612343,deeplabv3p-resnet50-human,wasm,22.93,0.0,1.0,35100.0,12990.57
2026-01-13T23:10:08.514484,mobilebert_Opset18,wasm,1.05,0.0,1.0,35110.0,12291.48
2026-01-13T23:10:08.514484,mobilebert_Opset18,wasm,2.1,0.0,1.0,35250.0,12294.23
2026-01-13T23:10:54.153154,bert_Opset17,wasm,1.02,0.0,1.0,35080.0,12039.94
2026-01-13T23:10:54.153154,bert_Opset17,wasm,2.11,0.0,1.0,35180.0,12327.63
2026-01-13T23:10:54.153154,bert_Opset17,wasm,3.22,0.0,1.0,35180.0,13363.12
2026-01-13T23:10:54.153154,bert_Opset17,wasm,4.29,0.0,1.0,35200.0,13359.24
2026-01-13T23:10:54.153154,bert_Opset17,wasm,5.32,0.0,1.0,35200.0,13362.88
2026-01-13T23:10:54.153154,bert_Opset17,wasm,6.38,0.0,1.0,35180.0,13364.02
2026-01-13T23:10:54.153154,bert_Opset17,wasm,7.41,0.0,1.0,35180.0,13367.51
2026-01-13T23:10:54.153154,bert_Opset17,wasm,8.47,0.0,1.0,35060.0,13368.02
2026-01-13T23:11:41.109900,gpt2lmhead_Opset18,wasm,1.05,0.0,1.0,35320.0,12959.66
2026-01-13T23:11:41.109900,gpt2lmhead_Opset18,wasm,2.18,0.0,1.0,36030.0,14394.63
2026-01-13T23:11:41.109900,gpt2lmhead_Opset18,wasm,3.21,0.0,1.0,36030.0,14314.41
2026-01-13T23:11:41.109900,gpt2lmhead_Opset18,wasm,4.27,0.0,1.0,35380.0,14356.26
2026-01-13T23:11:41.109900,gpt2lmhead_Opset18,wasm,5.3,0.0,1.0,35380.0,14286.48
2026-01-13T23:11:41.109900,gpt2lmhead_Opset18,wasm,6.36,0.0,1.0,34980.0,14255.23
2026-01-13T23:11:41.109900,gpt2lmhead_Opset18,wasm,7.39,0.0,1.0,34980.0,14261.31
2026-01-13T23:11:41.109900,gpt2lmhead_Opset18,wasm,8.45,0.0,1.0,35000.0,14263.05
2026-01-13T23:11:41.109900,gpt2lmhead_Opset18,wasm,9.48,0.0,1.0,35000.0,14264.19
2026-01-13T23:13:22.693399,alexnet_Opset16,webgpu,1.16,1.0,1.0,34960.0,12797.11
2026-01-13T23:13:22.693399,alexnet_Opset16,webgpu,2.26,5.0,2.0,35680.0,13208.61
2026-01-13T23:14:02.869946,mobilenetv3_large_100_Opset17,webgpu,1.16,0.0,1.0,35070.0,12154.35
2026-01-13T23:14:02.869946,mobilenetv3_large_100_Opset17,webgpu,2.23,0.0,1.0,35260.0,12100.25
2026-01-13T23:14:43.038559,resnet50-v2,webgpu,1.16,1.0,1.0,35210.0,12663.96
2026-01-13T23:14:43.038559,resnet50-v2,webgpu,2.23,0.0,1.0,36520.0,12554.09
2026-01-13T23:15:23.446277,adv_inception_v3_Opset17,webgpu,1.02,0.0,1.0,35060.0,12582.0
2026-01-13T23:15:23.446277,adv_inception_v3_Opset17,webgpu,2.04,0.0,1.0,35060.0,12467.39
2026-01-13T23:15:23.446277,adv_inception_v3_Opset17,webgpu,3.14,17.0,2.0,36720.0,12369.08
2026-01-13T23:16:07.469512,efficientnet_b5_Opset17,webgpu,1.0,0.0,1.0,35160.0,12450.5
2026-01-13T23:16:07.469512,efficientnet_b5_Opset17,webgpu,2.17,0.0,12.0,37430.0,12709.07
2026-01-13T23:16:07.469512,efficientnet_b5_Opset17,webgpu,3.22,7.0,3.0,37430.0,12658.13
2026-01-13T23:16:07.469512,efficientnet_b5_Opset17,webgpu,4.3,7.0,3.0,41030.0,12581.88
2026-01-13T23:16:07.469512,efficientnet_b5_Opset17,webgpu,5.34,11.0,7.0,41030.0,12621.72
2026-01-13T23:16:07.469512,efficientnet_b5_Opset17,webgpu,6.43,5.0,2.0,40920.0,12651.0
2026-01-13T23:16:55.520307,vit_large_patch16_224_in21k_Opset18,webgpu,1.05,0.0,1.0,34960.0,12837.89
2026-01-13T23:16:55.520307,vit_large_patch16_224_in21k_Opset18,webgpu,2.18,0.0,1.0,35260.0,13371.66
2026-01-13T23:16:55.520307,vit_large_patch16_224_in21k_Opset18,webgpu,3.31,0.0,1.0,35260.0,15939.7
2026-01-13T23:16:55.520307,vit_large_patch16_224_in21k_Opset18,webgpu,4.36,5.0,1.0,35300.0,16952.52
2026-01-13T23:16:55.520307,vit_large_patch16_224_in21k_Opset18,webgpu,5.47,8.0,2.0,35300.0,17543.63
2026-01-13T23:16:55.520307,vit_large_patch16_224_in21k_Opset18,webgpu,6.47,80.0,34.0,47490.0,17562.9
2026-01-13T23:16:55.520307,vit_large_patch16_224_in21k_Opset18,webgpu,7.53,31.0,14.0,47490.0,17290.7
2026-01-13T23:16:55.520307,vit_large_patch16_224_in21k_Opset18,webgpu,8.61,39.0,18.0,84660.0,17306.91
2026-01-13T23:16:55.520307,vit_large_patch16_224_in21k_Opset18,webgpu,9.65,40.0,19.0,84660.0,17313.34
2026-01-13T23:16:55.520307,vit_large_patch16_224_in21k_Opset18,webgpu,10.77,43.0,20.0,77920.0,17321.54
2026-01-13T23:17:37.606059,yolov2-coco-9,webgpu,1.15,0.0,1.0,34570.0,13061.52
2026-01-13T23:17:37.606059,yolov2-coco-9,webgpu,2.22,2.0,1.0,34830.0,13512.62
2026-01-13T23:17:37.606059,yolov2-coco-9,webgpu,3.26,2.0,1.0,34830.0,13527.39
2026-01-13T23:18:18.911969,deeplabv3p-resnet50-human,webgpu,1.16,6.0,2.0,34420.0,12472.01
2026-01-13T23:18:18.911969,deeplabv3p-resnet50-human,webgpu,2.23,27.0,6.0,39410.0,12445.41
2026-01-13T23:18:18.911969,deeplabv3p-resnet50-human,webgpu,3.35,35.0,14.0,39410.0,12395.95
2026-01-13T23:19:07.206238,mobilebert_Opset18,webgpu,1.0,0.0,1.0,34720.0,12511.21
2026-01-13T23:19:07.206238,mobilebert_Opset18,webgpu,2.15,11.0,1.0,35030.0,12711.43
2026-01-13T23:19:07.206238,mobilebert_Opset18,webgpu,3.24,2.0,1.0,35030.0,12719.9
2026-01-13T23:19:07.206238,mobilebert_Opset18,webgpu,4.39,2.0,1.0,35030.0,12632.97
2026-01-13T23:19:07.206238,mobilebert_Opset18,webgpu,5.45,2.0,1.0,35030.0,12626.04
2026-01-13T23:19:07.206238,mobilebert_Opset18,webgpu,6.52,2.0,1.0,35060.0,12663.97
2026-01-13T23:19:07.206238,mobilebert_Opset18,webgpu,7.57,2.0,1.0,35060.0,12694.95
2026-01-13T23:19:07.206238,mobilebert_Opset18,webgpu,8.62,1.0,1.0,35060.0,12721.88
2026-01-13T23:19:07.206238,mobilebert_Opset18,webgpu,9.72,1.0,1.0,35060.0,12758.22
2026-01-13T23:19:07.206238,mobilebert_Opset18,webgpu,10.81,2.0,1.0,34990.0,12794.27
2026-01-13T23:19:49.209579,bert_Opset17,webgpu,1.17,0.0,1.0,34510.0,12763.12
2026-01-13T23:19:49.209579,bert_Opset17,webgpu,2.28,0.0,1.0,34510.0,14287.87
2026-01-13T23:19:49.209579,bert_Opset17,webgpu,3.38,18.0,6.0,34510.0,14160.18
2026-01-13T23:19:49.209579,bert_Opset17,webgpu,4.53,16.0,5.0,45470.0,14174.58
2026-01-13T23:20:33.726450,gpt2lmhead_Opset18,webgpu,1.01,1.0,1.0,34370.0,12782.11
2026-01-13T23:20:33.726450,gpt2lmhead_Opset18,webgpu,2.12,0.0,1.0,34500.0,14247.2
2026-01-13T23:20:33.726450,gpt2lmhead_Opset18,webgpu,3.26,0.0,1.0,34500.0,15455.3
2026-01-13T23:20:33.726450,gpt2lmhead_Opset18,webgpu,4.38,2.0,7.0,40610.0,15403.05
2026-01-13T23:20:33.726450,gpt2lmhead_Opset18,webgpu,5.44,9.0,4.0,40610.0,15400.74
2026-01-13T23:20:33.726450,gpt2lmhead_Opset18,webgpu,6.59,8.0,4.0,43670.0,15434.91
2026-01-13T23:22:32.820454,alexnet_Opset16,webgl,1.14,0.0,1.0,34340.0,12924.98
2026-01-13T23:23:11.235608,mobilenetv3_large_100_Opset17,webgl,1.12,0.0,1.0,34370.0,12102.56
2026-01-13T23:23:53.912345,resnet50-v2,webgl,1.13,0.0,1.0,34280.0,12424.54
2026-01-13T23:23:53.912345,resnet50-v2,webgl,2.18,0.0,1.0,34400.0,12326.71
2026-01-13T23:23:53.912345,resnet50-v2,webgl,3.2,0.0,1.0,34400.0,12322.61
2026-01-13T23:23:53.912345,resnet50-v2,webgl,4.26,0.0,1.0,34400.0,12333.05
2026-01-13T23:23:53.912345,resnet50-v2,webgl,5.28,0.0,1.0,34400.0,12329.48
2026-01-13T23:24:38.541183,adv_inception_v3_Opset17,webgl,1.15,0.0,1.0,34260.0,12359.55
2026-01-13T23:24:38.541183,adv_inception_v3_Opset17,webgl,2.22,0.0,1.0,34260.0,12238.27
2026-01-13T23:24:38.541183,adv_inception_v3_Opset17,webgl,3.25,0.0,1.0,34260.0,12232.69
2026-01-13T23:24:38.541183,adv_inception_v3_Opset17,webgl,4.31,0.0,1.0,34270.0,12234.18
2026-01-13T23:24:38.541183,adv_inception_v3_Opset17,webgl,5.45,0.0,1.0,34270.0,12235.56
2026-01-13T23:24:38.541183,adv_inception_v3_Opset17,webgl,6.5,0.0,1.0,34320.0,12237.96
2026-01-13T23:24:38.541183,adv_inception_v3_Opset17,webgl,7.53,0.0,1.0,34320.0,12243.81
2026-01-13T23:25:34.329955,efficientnet_b5_Opset17,webgl,1.18,0.0,1.0,34470.0,12432.91
2026-01-13T23:25:34.329955,efficientnet_b5_Opset17,webgl,2.25,0.0,1.0,34420.0,12322.19
2026-01-13T23:25:34.329955,efficientnet_b5_Opset17,webgl,3.28,0.0,1.0,34420.0,12319.08
2026-01-13T23:25:34.329955,efficientnet_b5_Opset17,webgl,4.33,0.0,1.0,34550.0,12318.86
2026-01-13T23:25:34.329955,efficientnet_b5_Opset17,webgl,5.34,0.0,1.0,34550.0,12320.03
2026-01-13T23:25:34.329955,efficientnet_b5_Opset17,webgl,6.41,0.0,1.0,34450.0,12323.22
2026-01-13T23:25:34.329955,efficientnet_b5_Opset17,webgl,7.46,0.0,1.0,34450.0,12323.48
2026-01-13T23:25:34.329955,efficientnet_b5_Opset17,webgl,8.53,0.0,1.0,34430.0,12326.07
2026-01-13T23:25:34.329955,efficientnet_b5_Opset17,webgl,9.56,0.0,1.0,34430.0,12355.47
2026-01-13T23:25:34.329955,efficientnet_b5_Opset17,webgl,10.63,0.0,1.0,34530.0,12358.1
2026-01-13T23:25:34.329955,efficientnet_b5_Opset17,webgl,11.68,1.0,1.0,34530.0,12361.91
2026-01-13T23:25:34.329955,efficientnet_b5_Opset17,webgl,12.74,1.0,1.0,34570.0,12361.72
2026-01-13T23:25:34.329955,efficientnet_b5_Opset17,webgl,13.76,0.0,1.0,34570.0,12396.19
2026-01-13T23:25:34.329955,efficientnet_b5_Opset17,webgl,14.83,0.0,1.0,34590.0,12392.98
2026-01-13T23:25:34.329955,efficientnet_b5_Opset17,webgl,15.86,0.0,1.0,34590.0,12398.6
2026-01-13T23:25:34.329955,efficientnet_b5_Opset17,webgl,16.93,0.0,1.0,34650.0,12397.01
2026-01-13T23:25:34.329955,efficientnet_b5_Opset17,webgl,17.96,0.0,1.0,34650.0,12407.3
2026-01-13T23:27:26.694367,vit_large_patch16_224_in21k_Opset18,webgl,1.01,1.0,1.0,34480.0,12626.93
2026-01-13T23:27:26.694367,vit_large_patch16_224_in21k_Opset18,webgl,2.13,0.0,1.0,34370.0,13185.01
2026-01-13T23:27:26.694367,vit_large_patch16_224_in21k_Opset18,webgl,3.31,0.0,1.0,34370.0,15904.75
2026-01-13T23:27:26.694367,vit_large_patch16_224_in21k_Opset18,webgl,4.4,0.0,1.0,34370.0,16398.26
2026-01-13T23:27:26.694367,vit_large_patch16_224_in21k_Opset18,webgl,5.45,0.0,1.0,34370.0,16652.72
2026-01-13T23:27:26.694367,vit_large_patch16_224_in21k_Opset18,webgl,6.53,0.0,1.0,34430.0,16377.4
2026-01-13T23:27:26.694367,vit_large_patch16_224_in21k_Opset18,webgl,7.55,0.0,1.0,34430.0,16383.28
2026-01-13T23:27:26.694367,vit_large_patch16_224_in21k_Opset18,webgl,8.61,1.0,1.0,34610.0,16387.04
2026-01-13T23:27:26.694367,vit_large_patch16_224_in21k_Opset18,webgl,9.63,0.0,1.0,34610.0,16389.36
2026-01-13T23:27:26.694367,vit_large_patch16_224_in21k_Opset18,webgl,10.7,0.0,1.0,34670.0,16391.79
2026-01-13T23:27:26.694367,vit_large_patch16_224_in21k_Opset18,webgl,11.72,0.0,1.0,34670.0,16393.76
2026-01-13T23:27:26.694367,vit_large_patch16_224_in21k_Opset18,webgl,12.79,0.0,1.0,34640.0,16396.87
2026-01-13T23:27:26.694367,vit_large_patch16_224_in21k_Opset18,webgl,13.81,0.0,1.0,34640.0,16399.73
2026-01-13T23:27:26.694367,vit_large_patch16_224_in21k_Opset18,webgl,14.88,0.0,1.0,34630.0,16401.72
2026-01-13T23:27:26.694367,vit_large_patch16_224_in21k_Opset18,webgl,15.92,0.0,1.0,34630.0,16402.93
2026-01-13T23:27:26.694367,vit_large_patch16_224_in21k_Opset18,webgl,16.99,0.0,1.0,34610.0,16405.31
2026-01-13T23:27:26.694367,vit_large_patch16_224_in21k_Opset18,webgl,18.07,1.0,1.0,34610.0,16407.98
2026-01-13T23:27:26.694367,vit_large_patch16_224_in21k_Opset18,webgl,19.13,0.0,1.0,34540.0,16410.07
2026-01-13T23:27:26.694367,vit_large_patch16_224_in21k_Opset18,webgl,20.17,0.0,1.0,34540.0,16380.2
2026-01-13T23:27:26.694367,vit_large_patch16_224_in21k_Opset18,webgl,21.28,0.0,1.0,34530.0,16384.31
2026-01-13T23:27:26.694367,vit_large_patch16_224_in21k_Opset18,webgl,22.31,0.0,1.0,34530.0,16387.46
2026-01-13T23:27:26.694367,vit_large_patch16_224_in21k_Opset18,webgl,23.38,0.0,1.0,34600.0,16390.75
2026-01-13T23:27:26.694367,vit_large_patch16_224_in21k_Opset18,webgl,24.41,0.0,1.0,34600.0,16381.07
2026-01-13T23:27:26.694367,vit_large_patch16_224_in21k_Opset18,webgl,25.48,0.0,1.0,34580.0,16383.89
2026-01-13T23:27:26.694367,vit_large_patch16_224_in21k_Opset18,webgl,26.52,0.0,1.0,34580.0,16384.34
2026-01-13T23:27:26.694367,vit_large_patch16_224_in21k_Opset18,webgl,27.57,0.0,1.0,34500.0,16405.89
2026-01-13T23:27:26.694367,vit_large_patch16_224_in21k_Opset18,webgl,28.63,0.0,1.0,34500.0,16394.24
2026-01-13T23:27:26.694367,vit_large_patch16_224_in21k_Opset18,webgl,29.74,0.0,1.0,34490.0,16397.0
2026-01-13T23:27:26.694367,vit_large_patch16_224_in21k_Opset18,webgl,30.76,0.0,1.0,34490.0,16394.65
2026-01-13T23:27:26.694367,vit_large_patch16_224_in21k_Opset18,webgl,31.87,0.0,1.0,34480.0,16397.77
2026-01-13T23:27:26.694367,vit_large_patch16_224_in21k_Opset18,webgl,32.91,0.0,1.0,34480.0,16395.38
2026-01-13T23:27:26.694367,vit_large_patch16_224_in21k_Opset18,webgl,34.0,0.0,1.0,34530.0,16370.16
2026-01-13T23:27:26.694367,vit_large_patch16_224_in21k_Opset18,webgl,35.03,1.0,1.0,34530.0,16371.89
2026-01-13T23:27:26.694367,vit_large_patch16_224_in21k_Opset18,webgl,36.08,0.0,1.0,34580.0,16373.62
2026-01-13T23:27:26.694367,vit_large_patch16_224_in21k_Opset18,webgl,37.12,0.0,1.0,34580.0,16375.36
2026-01-13T23:27:26.694367,vit_large_patch16_224_in21k_Opset18,webgl,38.19,0.0,1.0,34680.0,16384.61
2026-01-13T23:27:26.694367,vit_large_patch16_224_in21k_Opset18,webgl,39.24,0.0,1.0,34680.0,16379.04
2026-01-13T23:27:26.694367,vit_large_patch16_224_in21k_Opset18,webgl,40.3,0.0,1.0,34640.0,16380.81
2026-01-13T23:27:26.694367,vit_large_patch16_224_in21k_Opset18,webgl,41.34,0.0,1.0,34640.0,16401.14
2026-01-13T23:27:26.694367,vit_large_patch16_224_in21k_Opset18,webgl,42.41,0.0,1.0,34590.0,16388.96
2026-01-13T23:27:26.694367,vit_large_patch16_224_in21k_Opset18,webgl,43.45,0.0,1.0,34590.0,16425.01
2026-01-13T23:27:26.694367,vit_large_patch16_224_in21k_Opset18,webgl,44.51,0.0,1.0,34770.0,16416.62
2026-01-13T23:27:26.694367,vit_large_patch16_224_in21k_Opset18,webgl,45.53,0.0,1.0,34770.0,16417.18
2026-01-13T23:27:26.694367,vit_large_patch16_224_in21k_Opset18,webgl,46.61,0.0,1.0,34630.0,16419.4
2026-01-13T23:27:26.694367,vit_large_patch16_224_in21k_Opset18,webgl,47.64,0.0,1.0,34630.0,16422.39
2026-01-13T23:27:26.694367,vit_large_patch16_224_in21k_Opset18,webgl,48.7,0.0,1.0,34600.0,16440.51
2026-01-13T23:27:26.694367,vit_large_patch16_224_in21k_Opset18,webgl,49.75,0.0,1.0,34600.0,16451.06
2026-01-13T23:27:26.694367,vit_large_patch16_224_in21k_Opset18,webgl,50.82,0.0,1.0,34570.0,16439.49
2026-01-13T23:27:26.694367,vit_large_patch16_224_in21k_Opset18,webgl,51.88,0.0,1.0,34570.0,16441.37
2026-01-13T23:27:26.694367,vit_large_patch16_224_in21k_Opset18,webgl,52.95,0.0,1.0,34550.0,16444.64
2026-01-13T23:27:26.694367,vit_large_patch16_224_in21k_Opset18,webgl,53.99,0.0,1.0,34550.0,16447.12
2026-01-13T23:27:26.694367,vit_large_patch16_224_in21k_Opset18,webgl,55.07,0.0,1.0,34570.0,16450.73
2026-01-13T23:27:26.694367,vit_large_patch16_224_in21k_Opset18,webgl,56.11,0.0,1.0,34570.0,16454.01
2026-01-13T23:27:26.694367,vit_large_patch16_224_in21k_Opset18,webgl,57.18,0.0,1.0,34590.0,16456.79
2026-01-13T23:27:26.694367,vit_large_patch16_224_in21k_Opset18,webgl,58.21,0.0,1.0,34590.0,16462.75
2026-01-13T23:27:26.694367,vit_large_patch16_224_in21k_Opset18,webgl,59.3,0.0,1.0,34540.0,16465.18
2026-01-13T23:27:26.694367,vit_large_patch16_224_in21k_Opset18,webgl,60.32,0.0,1.0,34540.0,16337.61
2026-01-13T23:27:26.694367,vit_large_patch16_224_in21k_Opset18,webgl,61.38,0.0,1.0,34310.0,16307.68
2026-01-13T23:27:26.694367,vit_large_patch16_224_in21k_Opset18,webgl,62.4,1.0,1.0,34310.0,16241.13
2026-01-13T23:27:26.694367,vit_large_patch16_224_in21k_Opset18,webgl,63.46,0.0,1.0,34440.0,16159.31
2026-01-13T23:27:26.694367,vit_large_patch16_224_in21k_Opset18,webgl,64.49,0.0,1.0,34440.0,16115.4
2026-01-13T23:27:26.694367,vit_large_patch16_224_in21k_Opset18,webgl,65.55,0.0,1.0,34480.0,15999.22
2026-01-13T23:27:26.694367,vit_large_patch16_224_in21k_Opset18,webgl,66.57,0.0,1.0,34480.0,15960.77
2026-01-13T23:27:26.694367,vit_large_patch16_224_in21k_Opset18,webgl,67.65,0.0,1.0,34480.0,15888.54
2026-01-13T23:27:26.694367,vit_large_patch16_224_in21k_Opset18,webgl,68.67,0.0,1.0,34480.0,15844.34
2026-01-13T23:27:26.694367,vit_large_patch16_224_in21k_Opset18,webgl,69.73,0.0,1.0,34450.0,15779.53
2026-01-13T23:27:26.694367,vit_large_patch16_224_in21k_Opset18,webgl,70.75,0.0,1.0,34450.0,15695.08
2026-01-13T23:27:26.694367,vit_large_patch16_224_in21k_Opset18,webgl,71.81,0.0,1.0,34470.0,15626.06
2026-01-13T23:27:26.694367,vit_large_patch16_224_in21k_Opset18,webgl,72.84,0.0,1.0,34470.0,15570.42
2026-01-13T23:27:26.694367,vit_large_patch16_224_in21k_Opset18,webgl,73.91,0.0,1.0,34560.0,15540.03
2026-01-13T23:27:26.694367,vit_large_patch16_224_in21k_Opset18,webgl,74.93,0.0,1.0,34560.0,15508.02
2026-01-13T23:28:18.521086,yolov2-coco-9,webgl,1.09,0.0,1.0,34420.0,11348.86
2026-01-13T23:28:18.521086,yolov2-coco-9,webgl,2.14,0.0,1.0,34520.0,11338.68
2026-01-13T23:28:18.521086,yolov2-coco-9,webgl,3.16,1.0,1.0,34520.0,11337.86
2026-01-13T23:28:18.521086,yolov2-coco-9,webgl,4.22,1.0,1.0,34460.0,11336.64
2026-01-13T23:28:18.521086,yolov2-coco-9,webgl,5.24,0.0,1.0,34460.0,11341.79
2026-01-13T23:28:18.521086,yolov2-coco-9,webgl,6.3,0.0,1.0,34590.0,11342.96
2026-01-13T23:28:18.521086,yolov2-coco-9,webgl,7.32,0.0,1.0,34590.0,11341.86
2026-01-13T23:28:18.521086,yolov2-coco-9,webgl,8.38,0.0,1.0,34580.0,11344.7
2026-01-13T23:28:18.521086,yolov2-coco-9,webgl,9.42,0.0,1.0,34580.0,11344.39
2026-01-13T23:28:18.521086,yolov2-coco-9,webgl,10.49,0.0,1.0,34620.0,11346.06
2026-01-13T23:28:18.521086,yolov2-coco-9,webgl,11.52,0.0,1.0,34620.0,11349.81
2026-01-13T23:28:18.521086,yolov2-coco-9,webgl,12.59,0.0,1.0,34410.0,11351.35
2026-01-13T23:28:18.521086,yolov2-coco-9,webgl,13.65,1.0,1.0,34410.0,11354.04
2026-01-13T23:28:18.521086,yolov2-coco-9,webgl,14.74,0.0,1.0,34630.0,11110.28
2026-01-13T23:29:41.058777,deeplabv3p-resnet50-human,webgl,1.14,2.0,1.0,34460.0,10515.43
2026-01-13T23:29:41.058777,deeplabv3p-resnet50-human,webgl,2.2,0.0,1.0,34670.0,10419.11
2026-01-13T23:29:41.058777,deeplabv3p-resnet50-human,webgl,3.22,0.0,1.0,34670.0,10440.12
2026-01-13T23:29:41.058777,deeplabv3p-resnet50-human,webgl,4.27,0.0,1.0,34640.0,10590.97
2026-01-13T23:29:41.058777,deeplabv3p-resnet50-human,webgl,5.29,1.0,1.0,34640.0,10700.97
2026-01-13T23:29:41.058777,deeplabv3p-resnet50-human,webgl,6.35,0.0,1.0,34580.0,10699.73
2026-01-13T23:29:41.058777,deeplabv3p-resnet50-human,webgl,7.39,0.0,1.0,34580.0,10701.36
2026-01-13T23:29:41.058777,deeplabv3p-resnet50-human,webgl,8.44,0.0,1.0,34650.0,10776.03
2026-01-13T23:29:41.058777,deeplabv3p-resnet50-human,webgl,9.46,0.0,1.0,34650.0,10777.42
2026-01-13T23:29:41.058777,deeplabv3p-resnet50-human,webgl,10.52,0.0,1.0,34740.0,10779.83
2026-01-13T23:29:41.058777,deeplabv3p-resnet50-human,webgl,11.56,0.0,1.0,34740.0,10998.91
2026-01-13T23:29:41.058777,deeplabv3p-resnet50-human,webgl,12.61,0.0,1.0,34550.0,11009.67
2026-01-13T23:29:41.058777,deeplabv3p-resnet50-human,webgl,13.65,0.0,1.0,34550.0,11011.53
2026-01-13T23:29:41.058777,deeplabv3p-resnet50-human,webgl,14.72,0.0,1.0,34660.0,11005.89
2026-01-13T23:29:41.058777,deeplabv3p-resnet50-human,webgl,15.74,0.0,1.0,34660.0,11013.0
2026-01-13T23:29:41.058777,deeplabv3p-resnet50-human,webgl,16.8,0.0,1.0,34610.0,11029.99
2026-01-13T23:29:41.058777,deeplabv3p-resnet50-human,webgl,17.85,0.0,1.0,34610.0,11032.48
2026-01-13T23:29:41.058777,deeplabv3p-resnet50-human,webgl,18.91,0.0,1.0,34630.0,11035.17
2026-01-13T23:29:41.058777,deeplabv3p-resnet50-human,webgl,19.93,0.0,1.0,34630.0,11037.52
2026-01-13T23:29:41.058777,deeplabv3p-resnet50-human,webgl,20.99,0.0,1.0,34630.0,11064.02
2026-01-13T23:29:41.058777,deeplabv3p-resnet50-human,webgl,22.03,1.0,1.0,34630.0,11061.95
2026-01-13T23:29:41.058777,deeplabv3p-resnet50-human,webgl,23.1,1.0,1.0,34650.0,11065.12
2026-01-13T23:29:41.058777,deeplabv3p-resnet50-human,webgl,24.12,0.0,1.0,34650.0,11070.52
2026-01-13T23:29:41.058777,deeplabv3p-resnet50-human,webgl,25.19,0.0,1.0,34770.0,11075.95
2026-01-13T23:29:41.058777,deeplabv3p-resnet50-human,webgl,26.21,0.0,1.0,34770.0,11075.22
2026-01-13T23:29:41.058777,deeplabv3p-resnet50-human,webgl,27.3,0.0,1.0,34830.0,11076.34
2026-01-13T23:29:41.058777,deeplabv3p-resnet50-human,webgl,28.34,0.0,1.0,34830.0,10970.19
2026-01-13T23:29:41.058777,deeplabv3p-resnet50-human,webgl,29.43,0.0,1.0,34780.0,10971.68
2026-01-13T23:29:41.058777,deeplabv3p-resnet50-human,webgl,30.46,1.0,1.0,34780.0,10973.06
2026-01-13T23:29:41.058777,deeplabv3p-resnet50-human,webgl,31.51,1.0,1.0,34770.0,11001.32
2026-01-13T23:29:41.058777,deeplabv3p-resnet50-human,webgl,32.55,0.0,1.0,34770.0,11001.4
2026-01-13T23:29:41.058777,deeplabv3p-resnet50-human,webgl,33.61,0.0,1.0,34610.0,11003.84
2026-01-13T23:29:41.058777,deeplabv3p-resnet50-human,webgl,34.64,0.0,1.0,34610.0,11048.49
2026-01-13T23:29:41.058777,deeplabv3p-resnet50-human,webgl,35.71,0.0,1.0,34630.0,11048.11
2026-01-13T23:29:41.058777,deeplabv3p-resnet50-human,webgl,36.75,0.0,1.0,34630.0,11046.5
2026-01-13T23:29:41.058777,deeplabv3p-resnet50-human,webgl,37.81,0.0,1.0,34610.0,11308.5
2026-01-13T23:29:41.058777,deeplabv3p-resnet50-human,webgl,38.85,0.0,1.0,34610.0,11307.45
2026-01-13T23:29:41.058777,deeplabv3p-resnet50-human,webgl,39.91,1.0,1.0,34610.0,11311.11
2026-01-13T23:29:41.058777,deeplabv3p-resnet50-human,webgl,40.94,1.0,1.0,34610.0,11311.4
2026-01-13T23:29:41.058777,deeplabv3p-resnet50-human,webgl,41.99,0.0,1.0,34650.0,11253.06
2026-01-13T23:29:41.058777,deeplabv3p-resnet50-human,webgl,43.03,0.0,1.0,34650.0,11258.69
2026-01-13T23:29:41.058777,deeplabv3p-resnet50-human,webgl,44.09,0.0,1.0,34620.0,11260.42
2026-01-13T23:29:41.058777,deeplabv3p-resnet50-human,webgl,45.11,0.0,1.0,34620.0,11271.74
2026-01-13T23:30:23.151412,mobilebert_Opset18,webgl,1.16,1.0,1.0,34490.0,10658.04
2026-01-13T23:30:23.151412,mobilebert_Opset18,webgl,2.23,0.0,1.0,34530.0,10851.89
2026-01-13T23:30:23.151412,mobilebert_Opset18,webgl,3.25,0.0,1.0,34530.0,10622.33
2026-01-13T23:30:23.151412,mobilebert_Opset18,webgl,4.31,0.0,1.0,34510.0,10622.75
2026-01-13T23:31:16.051501,bert_Opset17,webgl,1.07,0.0,1.0,34410.0,11348.81
2026-01-13T23:31:16.051501,bert_Opset17,webgl,2.21,0.0,1.0,34460.0,11785.54
2026-01-13T23:31:16.051501,bert_Opset17,webgl,3.25,0.0,1.0,34460.0,11698.81
2026-01-13T23:31:16.051501,bert_Opset17,webgl,4.31,1.0,1.0,34690.0,11697.07
2026-01-13T23:31:16.051501,bert_Opset17,webgl,5.33,0.0,1.0,34690.0,11700.11
2026-01-13T23:31:16.051501,bert_Opset17,webgl,6.39,0.0,1.0,34540.0,11703.2
2026-01-13T23:31:16.051501,bert_Opset17,webgl,7.41,0.0,1.0,34540.0,11706.71
2026-01-13T23:31:16.051501,bert_Opset17,webgl,8.48,0.0,1.0,34520.0,11710.75
2026-01-13T23:31:16.051501,bert_Opset17,webgl,9.51,0.0,1.0,34520.0,11711.1
2026-01-13T23:31:16.051501,bert_Opset17,webgl,10.57,0.0,1.0,34680.0,11714.09
2026-01-13T23:31:16.051501,bert_Opset17,webgl,11.61,1.0,1.0,34680.0,11719.0
2026-01-13T23:31:16.051501,bert_Opset17,webgl,12.68,0.0,1.0,34730.0,11719.8
2026-01-13T23:31:16.051501,bert_Opset17,webgl,13.74,0.0,1.0,34730.0,11721.79
2026-01-13T23:31:16.051501,bert_Opset17,webgl,14.81,0.0,1.0,34580.0,11724.57
2026-01-13T23:31:16.051501,bert_Opset17,webgl,15.84,0.0,1.0,34580.0,11416.21
2026-01-13T23:32:15.023494,gpt2lmhead_Opset18,webgl,1.15,0.0,1.0,34370.0,11131.58
2026-01-13T23:32:15.023494,gpt2lmhead_Opset18,webgl,2.26,0.0,1.0,34430.0,12564.99
2026-01-13T23:32:15.023494,gpt2lmhead_Opset18,webgl,3.3,0.0,1.0,34430.0,12655.14
2026-01-13T23:32:15.023494,gpt2lmhead_Opset18,webgl,4.36,0.0,1.0,34430.0,12655.68
2026-01-13T23:32:15.023494,gpt2lmhead_Opset18,webgl,5.41,1.0,1.0,34430.0,12682.65
2026-01-13T23:32:15.023494,gpt2lmhead_Opset18,webgl,6.48,0.0,1.0,34480.0,12680.67
2026-01-13T23:32:15.023494,gpt2lmhead_Opset18,webgl,7.52,0.0,1.0,34480.0,12692.26
2026-01-13T23:32:15.023494,gpt2lmhead_Opset18,webgl,8.59,0.0,1.0,34480.0,12719.49
2026-01-13T23:32:15.023494,gpt2lmhead_Opset18,webgl,9.62,0.0,1.0,34480.0,12731.58
2026-01-13T23:32:15.023494,gpt2lmhead_Opset18,webgl,10.7,0.0,1.0,34550.0,12677.53
2026-01-13T23:32:15.023494,gpt2lmhead_Opset18,webgl,11.73,0.0,1.0,34550.0,12680.85
2026-01-13T23:32:15.023494,gpt2lmhead_Opset18,webgl,12.83,0.0,1.0,34440.0,12681.49
2026-01-13T23:32:15.023494,gpt2lmhead_Opset18,webgl,13.86,1.0,1.0,34440.0,12684.45
2026-01-13T23:32:15.023494,gpt2lmhead_Opset18,webgl,14.97,0.0,1.0,34580.0,12663.09
2026-01-13T23:32:15.023494,gpt2lmhead_Opset18,webgl,15.99,0.0,1.0,34580.0,12687.42
2026-01-13T23:32:15.023494,gpt2lmhead_Opset18,webgl,17.05,0.0,1.0,34520.0,12690.07
2026-01-13T23:32:15.023494,gpt2lmhead_Opset18,webgl,18.07,0.0,1.0,34520.0,12611.51
2026-01-13T23:32:15.023494,gpt2lmhead_Opset18,webgl,19.13,0.0,1.0,34600.0,12636.84
2026-01-13T23:32:15.023494,gpt2lmhead_Opset18,webgl,20.15,0.0,1.0,34600.0,12622.49
2026-01-13T23:32:15.023494,gpt2lmhead_Opset18,webgl,21.21,0.0,1.0,34520.0,12591.58
2026-01-13T23:34:49.540423,alexnet_Opset16,webgpu,1.16,1.0,1.0,34370.0,11646.47
2026-01-13T23:35:28.527857,mobilenetv3_large_100_Opset17,webgpu,1.02,1.0,1.0,34300.0,10513.6
2026-01-13T23:35:28.527857,mobilenetv3_large_100_Opset17,webgpu,2.05,1.0,1.0,34300.0,10532.21
2026-01-13T23:36:07.537495,resnet50-v2,webgpu,1.02,2.0,2.0,34410.0,11018.91
2026-01-13T23:36:07.537495,resnet50-v2,webgpu,2.07,22.0,4.0,34410.0,10945.86
2026-01-13T23:36:46.609232,adv_inception_v3_Opset17,webgpu,1.05,2.0,2.0,34400.0,10840.0
2026-01-13T23:36:46.609232,adv_inception_v3_Opset17,webgpu,2.12,29.0,3.0,37800.0,10850.65
2026-01-13T23:37:25.604001,efficientnet_b5_Opset17,webgpu,1.07,3.0,1.0,34300.0,11171.94
2026-01-13T23:38:08.680332,vit_large_patch16_224_in21k_Opset18,webgpu,1.04,1.0,2.0,34560.0,11237.05
2026-01-13T23:38:08.680332,vit_large_patch16_224_in21k_Opset18,webgpu,2.18,0.0,1.0,34550.0,11805.47
2026-01-13T23:38:08.680332,vit_large_patch16_224_in21k_Opset18,webgpu,3.33,1.0,1.0,34550.0,14874.69
2026-01-13T23:38:08.680332,vit_large_patch16_224_in21k_Opset18,webgpu,4.39,29.0,12.0,35010.0,15494.49
2026-01-13T23:38:08.680332,vit_large_patch16_224_in21k_Opset18,webgpu,5.39,89.0,40.0,35010.0,15539.67
2026-01-13T23:38:47.787323,yolov2-coco-9,webgpu,1.07,5.0,2.0,35210.0,11890.75
2026-01-13T23:38:47.787323,yolov2-coco-9,webgpu,2.15,5.0,2.0,45320.0,11898.32
2026-01-13T23:39:26.948886,deeplabv3p-resnet50-human,webgpu,1.01,0.0,1.0,35060.0,10795.55
2026-01-13T23:39:26.948886,deeplabv3p-resnet50-human,webgpu,2.16,0.0,1.0,68060.0,10775.98
2026-01-13T23:40:07.424795,mobilebert_Opset18,webgpu,1.02,0.0,1.0,34840.0,11068.56
2026-01-13T23:40:07.424795,mobilebert_Opset18,webgpu,2.24,4.0,1.0,35900.0,11067.82
2026-01-13T23:40:07.424795,mobilebert_Opset18,webgpu,3.37,5.0,1.0,35900.0,11135.91
2026-01-13T23:40:47.081948,bert_Opset17,webgpu,1.04,1.0,1.0,35040.0,11089.96
2026-01-13T23:40:47.081948,bert_Opset17,webgpu,2.32,0.0,1.0,40350.0,12510.58
2026-01-13T23:41:28.409590,gpt2lmhead_Opset18,webgpu,1.04,0.0,1.0,34990.0,11199.09
2026-01-13T23:41:28.409590,gpt2lmhead_Opset18,webgpu,2.2,5.0,1.0,35200.0,13656.75
2026-01-13T23:41:28.409590,gpt2lmhead_Opset18,webgpu,3.32,14.0,5.0,35200.0,13722.68
2026-01-13T23:41:28.409590,gpt2lmhead_Opset18,webgpu,4.4,1.0,1.0,46600.0,13108.54
2026-01-13T23:42:50.899238,alexnet_Opset16,webgl,1.16,2.0,2.0,35400.0,11369.38
2026-01-13T23:43:29.021923,mobilenetv3_large_100_Opset17,webgl,1.16,0.0,1.0,35220.0,10430.39
2026-01-13T23:44:08.016030,resnet50-v2,webgl,1.0,0.0,1.0,35270.0,10780.18
2026-01-13T23:44:08.016030,resnet50-v2,webgl,2.05,0.0,1.0,35270.0,10777.88
2026-01-13T23:44:47.422069,adv_inception_v3_Opset17,webgl,1.02,0.0,1.0,35360.0,10701.75
2026-01-13T23:44:47.422069,adv_inception_v3_Opset17,webgl,2.05,0.0,1.0,35360.0,10710.55
2026-01-13T23:45:30.449718,efficientnet_b5_Opset17,webgl,1.04,0.0,1.0,35370.0,10872.29
2026-01-13T23:45:30.449718,efficientnet_b5_Opset17,webgl,2.06,0.0,1.0,35370.0,10784.32
2026-01-13T23:45:30.449718,efficientnet_b5_Opset17,webgl,3.12,0.0,1.0,35630.0,10785.45
2026-01-13T23:45:30.449718,efficientnet_b5_Opset17,webgl,4.14,0.0,1.0,35630.0,10786.96
2026-01-13T23:45:30.449718,efficientnet_b5_Opset17,webgl,5.2,0.0,1.0,35460.0,10817.41
2026-01-13T23:46:28.971505,vit_large_patch16_224_in21k_Opset18,webgl,1.05,0.0,1.0,35420.0,11159.89
2026-01-13T23:46:28.971505,vit_large_patch16_224_in21k_Opset18,webgl,2.19,0.0,1.0,35580.0,12140.81
2026-01-13T23:46:28.971505,vit_large_patch16_224_in21k_Opset18,webgl,3.29,0.0,1.0,35580.0,14660.79
2026-01-13T23:46:28.971505,vit_large_patch16_224_in21k_Opset18,webgl,4.37,0.0,1.0,35530.0,15006.96
2026-01-13T23:46:28.971505,vit_large_patch16_224_in21k_Opset18,webgl,5.39,0.0,1.0,35530.0,14876.48
2026-01-13T23:46:28.971505,vit_large_patch16_224_in21k_Opset18,webgl,6.46,0.0,1.0,35370.0,14875.74
2026-01-13T23:46:28.971505,vit_large_patch16_224_in21k_Opset18,webgl,7.49,0.0,1.0,35370.0,14877.4
2026-01-13T23:46:28.971505,vit_large_patch16_224_in21k_Opset18,webgl,8.55,0.0,1.0,35350.0,14888.51
2026-01-13T23:46:28.971505,vit_large_patch16_224_in21k_Opset18,webgl,9.58,0.0,1.0,35350.0,14887.61
2026-01-13T23:46:28.971505,vit_large_patch16_224_in21k_Opset18,webgl,10.64,0.0,1.0,35330.0,14892.5
2026-01-13T23:46:28.971505,vit_large_patch16_224_in21k_Opset18,webgl,11.67,0.0,1.0,35330.0,14893.43
2026-01-13T23:46:28.971505,vit_large_patch16_224_in21k_Opset18,webgl,12.73,0.0,1.0,35310.0,14895.62
2026-01-13T23:46:28.971505,vit_large_patch16_224_in21k_Opset18,webgl,13.76,0.0,1.0,35310.0,14897.59
2026-01-13T23:46:28.971505,vit_large_patch16_224_in21k_Opset18,webgl,14.82,0.0,1.0,35450.0,14899.62
2026-01-13T23:46:28.971505,vit_large_patch16_224_in21k_Opset18,webgl,15.85,0.0,1.0,35450.0,14901.93
2026-01-13T23:46:28.971505,vit_large_patch16_224_in21k_Opset18,webgl,16.91,0.0,1.0,35490.0,14906.04
2026-01-13T23:46:28.971505,vit_large_patch16_224_in21k_Opset18,webgl,17.93,0.0,1.0,35490.0,14912.54
2026-01-13T23:46:28.971505,vit_large_patch16_224_in21k_Opset18,webgl,18.99,0.0,1.0,35320.0,14913.59
2026-01-13T23:46:28.971505,vit_large_patch16_224_in21k_Opset18,webgl,20.01,0.0,1.0,35320.0,14918.68
2026-01-13T23:46:28.971505,vit_large_patch16_224_in21k_Opset18,webgl,21.07,0.0,1.0,35290.0,14924.99
2026-01-13T23:47:11.125762,yolov2-coco-9,webgl,1.03,0.0,1.0,35310.0,11453.55
2026-01-13T23:47:11.125762,yolov2-coco-9,webgl,2.06,0.0,1.0,35310.0,11438.34
2026-01-13T23:47:11.125762,yolov2-coco-9,webgl,3.12,0.0,1.0,35560.0,11445.11
2026-01-13T23:47:11.125762,yolov2-coco-9,webgl,4.15,0.0,1.0,35560.0,11443.34
2026-01-13T23:47:11.125762,yolov2-coco-9,webgl,5.21,0.0,1.0,35540.0,11443.83
2026-01-13T23:48:01.952767,deeplabv3p-resnet50-human,webgl,1.16,0.0,1.0,35520.0,10672.23
2026-01-13T23:48:01.952767,deeplabv3p-resnet50-human,webgl,2.22,0.0,1.0,35790.0,10693.27
2026-01-13T23:48:01.952767,deeplabv3p-resnet50-human,webgl,3.25,0.0,1.0,35790.0,10983.18
2026-01-13T23:48:01.952767,deeplabv3p-resnet50-human,webgl,4.3,0.0,1.0,35680.0,11040.63
2026-01-13T23:48:01.952767,deeplabv3p-resnet50-human,webgl,5.35,0.0,1.0,35680.0,11074.09
2026-01-13T23:48:01.952767,deeplabv3p-resnet50-human,webgl,6.41,0.0,1.0,35540.0,11294.85
2026-01-13T23:48:01.952767,deeplabv3p-resnet50-human,webgl,7.44,0.0,1.0,35540.0,11298.4
2026-01-13T23:48:01.952767,deeplabv3p-resnet50-human,webgl,8.5,0.0,1.0,35520.0,11320.59
2026-01-13T23:48:01.952767,deeplabv3p-resnet50-human,webgl,9.53,0.0,1.0,35520.0,11327.58
2026-01-13T23:48:01.952767,deeplabv3p-resnet50-human,webgl,10.58,0.0,1.0,35520.0,11351.87
2026-01-13T23:48:01.952767,deeplabv3p-resnet50-human,webgl,11.61,0.0,1.0,35520.0,11354.7
2026-01-13T23:48:01.952767,deeplabv3p-resnet50-human,webgl,12.67,0.0,1.0,35260.0,11384.2
2026-01-13T23:48:01.952767,deeplabv3p-resnet50-human,webgl,13.7,0.0,1.0,35260.0,11379.55
2026-01-13T23:48:40.826144,mobilebert_Opset18,webgl,1.04,0.0,1.0,35330.0,11045.54
2026-01-13T23:49:22.497488,bert_Opset17,webgl,1.04,5.0,2.0,35270.0,11572.01
2026-01-13T23:49:22.497488,bert_Opset17,webgl,2.13,0.0,1.0,35560.0,11858.76
2026-01-13T23:49:22.497488,bert_Opset17,webgl,3.16,0.0,1.0,35560.0,11860.41
2026-01-13T23:49:22.497488,bert_Opset17,webgl,4.22,0.0,1.0,35370.0,11861.97
2026-01-13T23:50:06.088882,gpt2lmhead_Opset18,webgl,1.03,0.0,1.0,35120.0,11545.06
2026-01-13T23:50:06.088882,gpt2lmhead_Opset18,webgl,2.13,1.0,1.0,35280.0,12799.77
2026-01-13T23:50:06.088882,gpt2lmhead_Opset18,webgl,3.15,0.0,1.0,35280.0,12837.39
2026-01-13T23:50:06.088882,gpt2lmhead_Opset18,webgl,4.21,0.0,1.0,35130.0,12874.04
2026-01-13T23:50:06.088882,gpt2lmhead_Opset18,webgl,5.24,0.0,1.0,35130.0,12800.48
2026-01-13T23:50:06.088882,gpt2lmhead_Opset18,webgl,6.3,0.0,1.0,35070.0,12833.99
2026-01-13T23:51:43.172216,alexnet_Opset16,wasm,1.16,3.0,2.0,35070.0,11488.45
2026-01-13T23:52:21.122819,mobilenetv3_large_100_Opset17,wasm,1.0,0.0,1.0,35080.0,10518.98
2026-01-13T23:53:00.176822,resnet50-v2,wasm,1.02,0.0,1.0,35150.0,10836.05
2026-01-13T23:53:00.176822,resnet50-v2,wasm,2.07,0.0,1.0,35150.0,10834.5
2026-01-13T23:53:41.823613,adv_inception_v3_Opset17,wasm,1.16,0.0,1.0,35360.0,10871.34
2026-01-13T23:53:41.823613,adv_inception_v3_Opset17,wasm,2.25,0.0,1.0,35290.0,10753.91
2026-01-13T23:53:41.823613,adv_inception_v3_Opset17,wasm,3.3,0.0,1.0,35290.0,10772.18
2026-01-13T23:53:41.823613,adv_inception_v3_Opset17,wasm,4.35,0.0,1.0,35520.0,10780.11
2026-01-13T23:54:30.404044,efficientnet_b5_Opset17,wasm,1.15,3.0,1.0,35080.0,10972.24
2026-01-13T23:54:30.404044,efficientnet_b5_Opset17,wasm,2.22,0.0,1.0,35110.0,10851.8
2026-01-13T23:54:30.404044,efficientnet_b5_Opset17,wasm,3.33,0.0,1.0,35110.0,10846.12
2026-01-13T23:54:30.404044,efficientnet_b5_Opset17,wasm,4.39,0.0,1.0,35220.0,10849.32
2026-01-13T23:54:30.404044,efficientnet_b5_Opset17,wasm,5.41,0.0,1.0,35220.0,10845.7
2026-01-13T23:54:30.404044,efficientnet_b5_Opset17,wasm,6.47,0.0,1.0,35160.0,10848.43
2026-01-13T23:54:30.404044,efficientnet_b5_Opset17,wasm,7.53,0.0,1.0,35160.0,10851.66
2026-01-13T23:54:30.404044,efficientnet_b5_Opset17,wasm,8.6,0.0,1.0,35100.0,10849.38
2026-01-13T23:54:30.404044,efficientnet_b5_Opset17,wasm,9.64,0.0,1.0,35100.0,10878.64
2026-01-13T23:54:30.404044,efficientnet_b5_Opset17,wasm,10.69,0.0,1.0,35160.0,10880.97
2026-01-13T23:55:58.360000,vit_large_patch16_224_in21k_Opset18,wasm,1.0,0.0,1.0,34940.0,11031.63
2026-01-13T23:55:58.360000,vit_large_patch16_224_in21k_Opset18,wasm,2.1,0.0,1.0,35080.0,12178.29
2026-01-13T23:55:58.360000,vit_large_patch16_224_in21k_Opset18,wasm,3.16,0.0,1.0,35080.0,14223.96
2026-01-13T23:55:58.360000,vit_large_patch16_224_in21k_Opset18,wasm,4.35,0.0,1.0,35120.0,14853.9
2026-01-13T23:55:58.360000,vit_large_patch16_224_in21k_Opset18,wasm,5.39,0.0,1.0,35120.0,15166.59
2026-01-13T23:55:58.360000,vit_large_patch16_224_in21k_Opset18,wasm,6.46,0.0,1.0,35070.0,14901.25
2026-01-13T23:55:58.360000,vit_large_patch16_224_in21k_Opset18,wasm,7.48,0.0,1.0,35070.0,14900.59
2026-01-13T23:55:58.360000,vit_large_patch16_224_in21k_Opset18,wasm,8.54,0.0,1.0,34990.0,14899.33
2026-01-13T23:55:58.360000,vit_large_patch16_224_in21k_Opset18,wasm,9.56,0.0,1.0,34990.0,14909.0
2026-01-13T23:55:58.360000,vit_large_patch16_224_in21k_Opset18,wasm,10.62,0.0,1.0,34990.0,14909.52
2026-01-13T23:55:58.360000,vit_large_patch16_224_in21k_Opset18,wasm,11.68,0.0,1.0,34990.0,14913.91
2026-01-13T23:55:58.360000,vit_large_patch16_224_in21k_Opset18,wasm,12.74,0.0,1.0,35080.0,14916.41
2026-01-13T23:55:58.360000,vit_large_patch16_224_in21k_Opset18,wasm,13.77,0.0,1.0,35080.0,14918.43
2026-01-13T23:55:58.360000,vit_large_patch16_224_in21k_Opset18,wasm,14.82,0.0,1.0,35050.0,14920.45
2026-01-13T23:55:58.360000,vit_large_patch16_224_in21k_Opset18,wasm,15.86,0.0,1.0,35050.0,14922.97
2026-01-13T23:55:58.360000,vit_large_patch16_224_in21k_Opset18,wasm,16.92,0.0,1.0,35060.0,14932.91
2026-01-13T23:55:58.360000,vit_large_patch16_224_in21k_Opset18,wasm,17.94,0.0,1.0,35060.0,14928.35
2026-01-13T23:55:58.360000,vit_large_patch16_224_in21k_Opset18,wasm,19.03,0.0,1.0,35120.0,14930.51
2026-01-13T23:55:58.360000,vit_large_patch16_224_in21k_Opset18,wasm,20.08,0.0,1.0,35120.0,14934.23
2026-01-13T23:55:58.360000,vit_large_patch16_224_in21k_Opset18,wasm,21.17,0.0,1.0,35000.0,14920.84
2026-01-13T23:55:58.360000,vit_large_patch16_224_in21k_Opset18,wasm,22.2,0.0,1.0,35000.0,14922.26
2026-01-13T23:55:58.360000,vit_large_patch16_224_in21k_Opset18,wasm,23.25,0.0,1.0,35140.0,14923.67
2026-01-13T23:55:58.360000,vit_large_patch16_224_in21k_Opset18,wasm,24.3,0.0,1.0,35140.0,14925.31
2026-01-13T23:55:58.360000,vit_large_patch16_224_in21k_Opset18,wasm,25.37,0.0,1.0,35060.0,14927.26
2026-01-13T23:55:58.360000,vit_large_patch16_224_in21k_Opset18,wasm,26.39,0.0,1.0,35060.0,14937.06
2026-01-13T23:55:58.360000,vit_large_patch16_224_in21k_Opset18,wasm,27.45,0.0,1.0,35020.0,14934.72
2026-01-13T23:55:58.360000,vit_large_patch16_224_in21k_Opset18,wasm,28.48,0.0,1.0,35020.0,14946.48
2026-01-13T23:55:58.360000,vit_large_patch16_224_in21k_Opset18,wasm,29.54,0.0,1.0,34960.0,14945.22
2026-01-13T23:55:58.360000,vit_large_patch16_224_in21k_Opset18,wasm,30.56,0.0,1.0,34960.0,14943.88
2026-01-13T23:55:58.360000,vit_large_patch16_224_in21k_Opset18,wasm,31.63,0.0,1.0,35030.0,14935.22
2026-01-13T23:55:58.360000,vit_large_patch16_224_in21k_Opset18,wasm,32.69,0.0,1.0,35030.0,14937.31
2026-01-13T23:55:58.360000,vit_large_patch16_224_in21k_Opset18,wasm,33.78,0.0,1.0,35050.0,14935.91
2026-01-13T23:55:58.360000,vit_large_patch16_224_in21k_Opset18,wasm,34.82,0.0,1.0,35050.0,14931.55
2026-01-13T23:55:58.360000,vit_large_patch16_224_in21k_Opset18,wasm,35.89,0.0,1.0,35020.0,14933.54
2026-01-13T23:55:58.360000,vit_large_patch16_224_in21k_Opset18,wasm,36.92,0.0,1.0,35020.0,14936.71
2026-01-13T23:55:58.360000,vit_large_patch16_224_in21k_Opset18,wasm,37.99,0.0,1.0,35080.0,14938.87
2026-01-13T23:55:58.360000,vit_large_patch16_224_in21k_Opset18,wasm,39.02,0.0,1.0,35080.0,14941.41
2026-01-13T23:55:58.360000,vit_large_patch16_224_in21k_Opset18,wasm,40.08,0.0,1.0,35040.0,14947.36
2026-01-13T23:55:58.360000,vit_large_patch16_224_in21k_Opset18,wasm,41.16,0.0,1.0,35040.0,14949.59
2026-01-13T23:55:58.360000,vit_large_patch16_224_in21k_Opset18,wasm,42.21,0.0,1.0,34910.0,14959.8
2026-01-13T23:55:58.360000,vit_large_patch16_224_in21k_Opset18,wasm,43.24,0.0,1.0,34910.0,14955.09
2026-01-13T23:55:58.360000,vit_large_patch16_224_in21k_Opset18,wasm,44.29,0.0,1.0,34950.0,14957.62
2026-01-13T23:55:58.360000,vit_large_patch16_224_in21k_Opset18,wasm,45.32,0.0,1.0,34950.0,14962.45
2026-01-13T23:55:58.360000,vit_large_patch16_224_in21k_Opset18,wasm,46.4,0.0,1.0,35060.0,14964.25
2026-01-13T23:55:58.360000,vit_large_patch16_224_in21k_Opset18,wasm,47.43,0.0,1.0,35060.0,14966.74
2026-01-13T23:55:58.360000,vit_large_patch16_224_in21k_Opset18,wasm,48.49,0.0,1.0,34940.0,14970.84
2026-01-13T23:55:58.360000,vit_large_patch16_224_in21k_Opset18,wasm,49.51,0.0,1.0,34940.0,14974.46
2026-01-13T23:55:58.360000,vit_large_patch16_224_in21k_Opset18,wasm,50.58,0.0,1.0,35070.0,13626.67
2026-01-13T23:56:44.292289,yolov2-coco-9,wasm,1.17,0.0,1.0,34900.0,11553.19
2026-01-13T23:56:44.292289,yolov2-coco-9,wasm,2.22,0.0,1.0,34940.0,11509.43
2026-01-13T23:56:44.292289,yolov2-coco-9,wasm,3.24,0.0,1.0,34940.0,11499.21
2026-01-13T23:56:44.292289,yolov2-coco-9,wasm,4.3,0.0,1.0,35010.0,11503.18
2026-01-13T23:56:44.292289,yolov2-coco-9,wasm,5.34,0.0,1.0,35010.0,11504.73
2026-01-13T23:56:44.292289,yolov2-coco-9,wasm,6.43,0.0,1.0,35050.0,11507.94
2026-01-13T23:56:44.292289,yolov2-coco-9,wasm,7.46,0.0,1.0,35050.0,11508.54
2026-01-13T23:56:44.292289,yolov2-coco-9,wasm,8.52,0.0,1.0,35040.0,11514.11
2026-01-13T23:57:48.300802,deeplabv3p-resnet50-human,wasm,1.03,0.0,1.0,34910.0,10794.12
2026-01-13T23:57:48.300802,deeplabv3p-resnet50-human,wasm,2.07,0.0,1.0,34910.0,10647.75
2026-01-13T23:57:48.300802,deeplabv3p-resnet50-human,wasm,3.12,0.0,1.0,34980.0,10666.3
2026-01-13T23:57:48.300802,deeplabv3p-resnet50-human,wasm,4.15,0.0,1.0,34980.0,10889.41
2026-01-13T23:57:48.300802,deeplabv3p-resnet50-human,wasm,5.22,0.0,1.0,34970.0,10910.0
2026-01-13T23:57:48.300802,deeplabv3p-resnet50-human,wasm,6.26,0.0,1.0,34970.0,10912.05
2026-01-13T23:57:48.300802,deeplabv3p-resnet50-human,wasm,7.33,0.0,1.0,35000.0,10913.87
2026-01-13T23:57:48.300802,deeplabv3p-resnet50-human,wasm,8.37,0.0,1.0,35000.0,10987.21
2026-01-13T23:57:48.300802,deeplabv3p-resnet50-human,wasm,9.44,0.0,1.0,35100.0,10987.46
2026-01-13T23:57:48.300802,deeplabv3p-resnet50-human,wasm,10.47,0.0,1.0,35100.0,10996.36
2026-01-13T23:57:48.300802,deeplabv3p-resnet50-human,wasm,11.52,0.0,1.0,34850.0,11240.68
2026-01-13T23:57:48.300802,deeplabv3p-resnet50-human,wasm,12.55,0.0,1.0,34850.0,11243.46
2026-01-13T23:57:48.300802,deeplabv3p-resnet50-human,wasm,13.62,0.0,1.0,34950.0,11247.18
2026-01-13T23:57:48.300802,deeplabv3p-resnet50-human,wasm,14.65,0.0,1.0,34950.0,11249.45
2026-01-13T23:57:48.300802,deeplabv3p-resnet50-human,wasm,15.73,0.0,1.0,34850.0,11213.36
2026-01-13T23:57:48.300802,deeplabv3p-resnet50-human,wasm,16.75,0.0,1.0,34850.0,11209.11
2026-01-13T23:57:48.300802,deeplabv3p-resnet50-human,wasm,17.82,0.0,1.0,34990.0,11212.05
2026-01-13T23:57:48.300802,deeplabv3p-resnet50-human,wasm,18.86,0.0,1.0,34990.0,11221.11
2026-01-13T23:57:48.300802,deeplabv3p-resnet50-human,wasm,19.92,0.0,1.0,35050.0,11216.89
2026-01-13T23:57:48.300802,deeplabv3p-resnet50-human,wasm,20.96,0.0,1.0,35050.0,11242.64
2026-01-13T23:57:48.300802,deeplabv3p-resnet50-human,wasm,22.05,0.0,1.0,35000.0,11244.62
2026-01-13T23:57:48.300802,deeplabv3p-resnet50-human,wasm,23.11,0.0,1.0,35000.0,11244.73
2026-01-13T23:57:48.300802,deeplabv3p-resnet50-human,wasm,24.16,0.0,1.0,34960.0,11264.54
2026-01-13T23:57:48.300802,deeplabv3p-resnet50-human,wasm,25.2,0.0,1.0,34960.0,11267.92
2026-01-13T23:57:48.300802,deeplabv3p-resnet50-human,wasm,26.26,0.0,1.0,35120.0,11269.66
2026-01-13T23:58:28.801095,mobilebert_Opset18,wasm,1.17,0.0,1.0,35010.0,10861.61
2026-01-13T23:58:28.801095,mobilebert_Opset18,wasm,2.26,0.0,1.0,34990.0,10950.02
2026-01-13T23:58:28.801095,mobilebert_Opset18,wasm,3.28,0.0,1.0,34990.0,10828.66
2026-01-13T23:59:15.716362,bert_Opset17,wasm,1.16,3.0,1.0,34840.0,11708.64
2026-01-13T23:59:15.716362,bert_Opset17,wasm,2.24,0.0,1.0,34950.0,11999.79
2026-01-13T23:59:15.716362,bert_Opset17,wasm,3.26,0.0,1.0,34950.0,11907.41
2026-01-13T23:59:15.716362,bert_Opset17,wasm,4.32,0.0,1.0,35040.0,11909.41
2026-01-13T23:59:15.716362,bert_Opset17,wasm,5.34,0.0,1.0,35040.0,11913.57
2026-01-13T23:59:15.716362,bert_Opset17,wasm,6.43,0.0,1.0,35040.0,11911.11
2026-01-13T23:59:15.716362,bert_Opset17,wasm,7.56,0.0,1.0,35040.0,11913.22
2026-01-13T23:59:15.716362,bert_Opset17,wasm,8.64,0.0,1.0,34990.0,11914.57
2026-01-13T23:59:15.716362,bert_Opset17,wasm,9.67,0.0,1.0,34990.0,11916.18
2026-01-14T00:00:05.884701,gpt2lmhead_Opset18,wasm,1.02,2.0,1.0,35070.0,11121.55
2026-01-14T00:00:05.884701,gpt2lmhead_Opset18,wasm,2.15,0.0,1.0,35110.0,12850.26
2026-01-14T00:00:05.884701,gpt2lmhead_Opset18,wasm,3.17,0.0,1.0,35110.0,12945.18
2026-01-14T00:00:05.884701,gpt2lmhead_Opset18,wasm,4.17,0.0,1.0,35110.0,12982.23
2026-01-14T00:00:05.884701,gpt2lmhead_Opset18,wasm,5.26,0.0,1.0,35110.0,12980.76
2026-01-14T00:00:05.884701,gpt2lmhead_Opset18,wasm,6.32,0.0,1.0,35070.0,12980.74
2026-01-14T00:00:05.884701,gpt2lmhead_Opset18,wasm,7.36,0.0,1.0,35070.0,13032.46
2026-01-14T00:00:05.884701,gpt2lmhead_Opset18,wasm,8.43,1.0,1.0,35030.0,13020.57
2026-01-14T00:00:05.884701,gpt2lmhead_Opset18,wasm,9.46,0.0,1.0,35030.0,12945.37
2026-01-14T00:00:05.884701,gpt2lmhead_Opset18,wasm,10.51,0.0,1.0,34980.0,12973.64
2026-01-14T00:00:05.884701,gpt2lmhead_Opset18,wasm,11.53,0.0,1.0,34980.0,12975.12
2026-01-14T00:00:05.884701,gpt2lmhead_Opset18,wasm,12.58,0.0,1.0,35110.0,12951.63
