timestamp,model,provider,trial_id,session_create_ms,first_call_ms,stabilization_iters,inference_mean_ms,inference_std_ms,inference_iters,status,provider_mismatch,actual_providers,notes,gpu_vendor,gpu_name,gpu_utilization_percent,gpu_memory_utilization_percent,gpu_power_draw_watts
2026-04-27T04:44:53.544890,alexnet_Opset16,cpu,1,1318.8913,6.9713,3,5.7543,0.3638,20,SUCCESS,False,CPUExecutionProvider,,NVIDIA,NVIDIA GeForce RTX 3060,3.0,1.0,32.85
2026-04-27T04:44:55.974858,alexnet_Opset16,cpu,2,284.1624,5.7822,3,5.4745,0.2259,20,SUCCESS,False,CPUExecutionProvider,,NVIDIA,NVIDIA GeForce RTX 3060,0.0,1.0,32.83
2026-04-27T04:44:58.416081,alexnet_Opset16,cpu,3,294.1521,5.7985,3,5.7062,0.2760,20,SUCCESS,False,CPUExecutionProvider,,NVIDIA,NVIDIA GeForce RTX 3060,4.0,1.0,32.81
2026-04-27T04:45:00.865909,alexnet_Opset16,cpu,4,301.5219,6.2529,3,5.7200,0.1881,20,SUCCESS,False,CPUExecutionProvider,,NVIDIA,NVIDIA GeForce RTX 3060,4.0,1.0,32.68
2026-04-27T04:45:03.310270,alexnet_Opset16,cpu,5,296.0742,6.8076,3,5.6804,0.2430,20,SUCCESS,False,CPUExecutionProvider,,NVIDIA,NVIDIA GeForce RTX 3060,4.0,1.0,32.94
2026-04-27T04:45:06.521910,mobilenetv3_large_100_Opset17,cpu,1,141.1664,3.2920,3,2.0309,0.1715,20,SUCCESS,False,CPUExecutionProvider,,NVIDIA,NVIDIA GeForce RTX 3060,4.0,1.0,32.84
2026-04-27T04:45:08.642092,mobilenetv3_large_100_Opset17,cpu,2,40.6910,3.5104,3,2.9919,3.3636,20,SUCCESS,False,CPUExecutionProvider,,NVIDIA,NVIDIA GeForce RTX 3060,4.0,1.0,32.7
2026-04-27T04:45:10.748517,mobilenetv3_large_100_Opset17,cpu,3,49.3793,3.1114,3,2.1322,0.2324,20,SUCCESS,False,CPUExecutionProvider,,NVIDIA,NVIDIA GeForce RTX 3060,4.0,1.0,32.85
2026-04-27T04:45:12.862000,mobilenetv3_large_100_Opset17,cpu,4,42.1108,3.4267,3,2.2086,0.2041,20,SUCCESS,False,CPUExecutionProvider,,NVIDIA,NVIDIA GeForce RTX 3060,4.0,1.0,32.68
2026-04-27T04:45:14.974353,mobilenetv3_large_100_Opset17,cpu,5,41.7810,3.5727,3,2.0315,0.1400,20,SUCCESS,False,CPUExecutionProvider,,NVIDIA,NVIDIA GeForce RTX 3060,4.0,1.0,33.01
2026-04-27T04:45:19.397892,resnet50-v2,cpu,1,1274.5710,13.0089,3,9.9793,0.3616,20,SUCCESS,False,CPUExecutionProvider,,NVIDIA,NVIDIA GeForce RTX 3060,4.0,1.0,32.81
2026-04-27T04:45:21.776642,resnet50-v2,cpu,2,241.8383,12.7037,3,10.4796,0.3299,20,SUCCESS,False,CPUExecutionProvider,,NVIDIA,NVIDIA GeForce RTX 3060,4.0,1.0,32.91
2026-04-27T04:45:24.186946,resnet50-v2,cpu,3,262.5967,11.7303,3,10.1487,0.4044,20,SUCCESS,False,CPUExecutionProvider,,NVIDIA,NVIDIA GeForce RTX 3060,4.0,1.0,32.82
2026-04-27T04:45:26.583587,resnet50-v2,cpu,4,259.8781,12.3848,3,9.7834,0.2915,20,SUCCESS,False,CPUExecutionProvider,,NVIDIA,NVIDIA GeForce RTX 3060,4.0,1.0,32.78
2026-04-27T04:45:28.936094,resnet50-v2,cpu,5,262.5693,12.2158,3,9.9982,0.2520,20,SUCCESS,False,CPUExecutionProvider,,NVIDIA,NVIDIA GeForce RTX 3060,4.0,1.0,32.78
2026-04-27T04:45:33.078864,adv_inception_v3_Opset17,cpu,1,1000.4756,16.2050,3,13.6971,0.5032,20,SUCCESS,False,CPUExecutionProvider,,NVIDIA,NVIDIA GeForce RTX 3060,4.0,1.0,32.84
2026-04-27T04:45:35.368920,adv_inception_v3_Opset17,cpu,2,148.6011,16.0493,3,14.0112,0.5385,20,SUCCESS,False,CPUExecutionProvider,,NVIDIA,NVIDIA GeForce RTX 3060,4.0,1.0,33.08
2026-04-27T04:45:37.647623,adv_inception_v3_Opset17,cpu,3,147.3992,16.7390,3,13.8225,0.3691,20,SUCCESS,False,CPUExecutionProvider,,NVIDIA,NVIDIA GeForce RTX 3060,4.0,1.0,32.86
2026-04-27T04:45:39.949244,adv_inception_v3_Opset17,cpu,4,154.0164,15.8966,3,13.9792,0.6586,20,SUCCESS,False,CPUExecutionProvider,,NVIDIA,NVIDIA GeForce RTX 3060,4.0,1.0,32.99
2026-04-27T04:45:42.242786,adv_inception_v3_Opset17,cpu,5,146.8644,16.1023,3,13.9266,0.4814,20,SUCCESS,False,CPUExecutionProvider,,NVIDIA,NVIDIA GeForce RTX 3060,4.0,1.0,32.75
2026-04-27T04:45:46.148250,efficientnet_b5_Opset17,cpu,1,760.2941,42.4139,3,35.3731,0.8373,20,SUCCESS,False,CPUExecutionProvider,,NVIDIA,NVIDIA GeForce RTX 3060,4.0,1.0,32.77
2026-04-27T04:45:48.539768,efficientnet_b5_Opset17,cpu,2,237.5019,41.1652,3,35.9165,0.6843,20,SUCCESS,False,CPUExecutionProvider,,NVIDIA,NVIDIA GeForce RTX 3060,4.0,1.0,32.87
2026-04-27T04:45:50.912906,efficientnet_b5_Opset17,cpu,3,227.4043,42.8142,3,35.5384,0.8962,20,SUCCESS,False,CPUExecutionProvider,,NVIDIA,NVIDIA GeForce RTX 3060,4.0,1.0,32.92
2026-04-27T04:45:53.278812,efficientnet_b5_Opset17,cpu,4,221.2911,44.1211,3,35.9161,0.8053,20,SUCCESS,False,CPUExecutionProvider,,NVIDIA,NVIDIA GeForce RTX 3060,4.0,1.0,32.72
2026-04-27T04:45:55.620516,efficientnet_b5_Opset17,cpu,5,240.8427,43.3672,3,36.2680,1.0208,20,SUCCESS,False,CPUExecutionProvider,,NVIDIA,NVIDIA GeForce RTX 3060,4.0,1.0,32.66
2026-04-27T04:46:09.431425,vit_large_patch16_224_in21k_Opset18,cpu,1,7254.2551,170.2518,3,166.2382,3.0852,20,SUCCESS,False,CPUExecutionProvider,,NVIDIA,NVIDIA GeForce RTX 3060,4.0,1.0,32.87
2026-04-27T04:46:23.291789,vit_large_patch16_224_in21k_Opset18,cpu,2,8343.6146,169.2113,3,164.1508,2.8752,20,SUCCESS,False,CPUExecutionProvider,,NVIDIA,NVIDIA GeForce RTX 3060,4.0,1.0,32.98
2026-04-27T04:46:36.561281,vit_large_patch16_224_in21k_Opset18,cpu,3,7707.7846,179.5933,3,165.8388,4.1515,20,SUCCESS,False,CPUExecutionProvider,,NVIDIA,NVIDIA GeForce RTX 3060,4.0,1.0,32.87
2026-04-27T04:46:49.716781,vit_large_patch16_224_in21k_Opset18,cpu,4,7595.9555,176.7553,3,164.1432,2.9083,20,SUCCESS,False,CPUExecutionProvider,,NVIDIA,NVIDIA GeForce RTX 3060,4.5,1.25,33.14
2026-04-27T04:47:05.157644,vit_large_patch16_224_in21k_Opset18,cpu,5,9922.0415,169.7485,3,162.3091,2.5708,20,SUCCESS,False,CPUExecutionProvider,,NVIDIA,NVIDIA GeForce RTX 3060,4.0,1.0,33.02
2026-04-27T04:47:10.765319,yolov2-coco-9,cpu,1,2459.5565,33.6814,3,29.5550,1.0718,20,SUCCESS,False,CPUExecutionProvider,,NVIDIA,NVIDIA GeForce RTX 3060,4.0,1.0,33.01
2026-04-27T04:47:13.369364,yolov2-coco-9,cpu,2,463.5587,32.7758,3,29.4405,0.8693,20,SUCCESS,False,CPUExecutionProvider,,NVIDIA,NVIDIA GeForce RTX 3060,4.0,1.0,32.87
2026-04-27T04:47:15.991083,yolov2-coco-9,cpu,3,476.0023,32.9276,3,29.3209,0.6982,20,SUCCESS,False,CPUExecutionProvider,,NVIDIA,NVIDIA GeForce RTX 3060,4.0,1.0,32.82
2026-04-27T04:47:18.624221,yolov2-coco-9,cpu,4,482.7154,38.2530,3,29.9590,1.0763,20,SUCCESS,False,CPUExecutionProvider,,NVIDIA,NVIDIA GeForce RTX 3060,4.0,1.0,32.87
2026-04-27T04:47:21.240566,yolov2-coco-9,cpu,5,472.4048,35.7226,3,30.0796,0.8852,20,SUCCESS,False,CPUExecutionProvider,,NVIDIA,NVIDIA GeForce RTX 3060,4.0,1.0,32.86
2026-04-27T04:47:27.001273,deeplabv3p-resnet50-human,cpu,1,436.3023,111.2754,3,93.4603,2.0523,20,SUCCESS,False,CPUExecutionProvider,,NVIDIA,NVIDIA GeForce RTX 3060,4.0,1.0,32.78
2026-04-27T04:47:31.449380,deeplabv3p-resnet50-human,cpu,2,83.5916,106.7959,3,95.4173,3.4636,20,SUCCESS,False,CPUExecutionProvider,,NVIDIA,NVIDIA GeForce RTX 3060,4.0,1.0,32.97
2026-04-27T04:47:35.890739,deeplabv3p-resnet50-human,cpu,3,85.7330,113.5492,3,94.8948,2.5498,20,SUCCESS,False,CPUExecutionProvider,,NVIDIA,NVIDIA GeForce RTX 3060,4.0,1.0,32.91
2026-04-27T04:47:40.329842,deeplabv3p-resnet50-human,cpu,4,83.4627,110.9308,3,95.1460,2.8778,20,SUCCESS,False,CPUExecutionProvider,,NVIDIA,NVIDIA GeForce RTX 3060,4.0,1.0,32.88
2026-04-27T04:47:44.759522,deeplabv3p-resnet50-human,cpu,5,87.6911,109.8611,3,94.4965,1.9441,20,SUCCESS,False,CPUExecutionProvider,,NVIDIA,NVIDIA GeForce RTX 3060,4.0,1.0,32.89
2026-04-27T04:47:48.710725,mobilebert_Opset18,cpu,1,816.0732,24.2072,3,22.5853,0.3485,20,SUCCESS,False,CPUExecutionProvider,,NVIDIA,NVIDIA GeForce RTX 3060,4.0,1.0,32.82
2026-04-27T04:47:51.183855,mobilebert_Opset18,cpu,2,335.6234,23.9299,3,22.2345,0.5938,20,SUCCESS,False,CPUExecutionProvider,,NVIDIA,NVIDIA GeForce RTX 3060,4.0,1.0,32.78
2026-04-27T04:47:53.645714,mobilebert_Opset18,cpu,3,329.7108,23.8285,3,22.2358,0.4227,20,SUCCESS,False,CPUExecutionProvider,,NVIDIA,NVIDIA GeForce RTX 3060,4.0,1.0,32.66
2026-04-27T04:47:56.104846,mobilebert_Opset18,cpu,4,319.4270,23.2019,3,22.1068,0.6181,20,SUCCESS,False,CPUExecutionProvider,,NVIDIA,NVIDIA GeForce RTX 3060,4.0,1.0,32.69
2026-04-27T04:47:58.533556,mobilebert_Opset18,cpu,5,297.3295,23.4361,3,22.6005,0.5392,20,SUCCESS,False,CPUExecutionProvider,,NVIDIA,NVIDIA GeForce RTX 3060,4.0,1.0,32.72
2026-04-27T04:48:03.990050,bert_Opset17,cpu,1,2305.6223,35.9640,3,30.9335,0.9423,20,SUCCESS,False,CPUExecutionProvider,,NVIDIA,NVIDIA GeForce RTX 3060,4.0,1.0,32.76
2026-04-27T04:48:06.591139,bert_Opset17,cpu,2,453.0838,35.2095,3,31.2002,0.7495,20,SUCCESS,False,CPUExecutionProvider,,NVIDIA,NVIDIA GeForce RTX 3060,4.0,1.0,32.84
2026-04-27T04:48:09.187150,bert_Opset17,cpu,3,445.1940,34.3236,3,30.6925,0.9422,20,SUCCESS,False,CPUExecutionProvider,,NVIDIA,NVIDIA GeForce RTX 3060,4.0,1.0,33.01
2026-04-27T04:48:11.776951,bert_Opset17,cpu,4,451.1458,34.8757,3,30.8646,1.0277,20,SUCCESS,False,CPUExecutionProvider,,NVIDIA,NVIDIA GeForce RTX 3060,4.0,1.0,32.8
2026-04-27T04:48:14.377673,bert_Opset17,cpu,5,456.0345,34.1630,3,30.8391,0.8744,20,SUCCESS,False,CPUExecutionProvider,,NVIDIA,NVIDIA GeForce RTX 3060,4.0,1.0,32.72
2026-04-27T04:48:24.125287,gpt2lmhead_Opset18,cpu,1,5609.0769,54.7358,3,45.2632,1.6118,20,SUCCESS,False,CPUExecutionProvider,,NVIDIA,NVIDIA GeForce RTX 3060,4.0,1.0,32.81
2026-04-27T04:48:27.974110,gpt2lmhead_Opset18,cpu,2,705.3353,53.0579,3,45.5958,1.6115,20,SUCCESS,False,CPUExecutionProvider,,NVIDIA,NVIDIA GeForce RTX 3060,4.0,1.0,32.8
2026-04-27T04:48:30.807761,gpt2lmhead_Opset18,cpu,3,697.2533,50.5496,3,45.7253,1.0879,20,SUCCESS,False,CPUExecutionProvider,,NVIDIA,NVIDIA GeForce RTX 3060,4.0,1.0,32.7
2026-04-27T04:48:33.641856,gpt2lmhead_Opset18,cpu,4,684.3058,50.9286,3,44.9746,1.4166,20,SUCCESS,False,CPUExecutionProvider,,NVIDIA,NVIDIA GeForce RTX 3060,4.0,1.0,32.76
2026-04-27T04:48:36.458726,gpt2lmhead_Opset18,cpu,5,680.8729,52.4645,3,45.7965,1.3817,20,SUCCESS,False,CPUExecutionProvider,,NVIDIA,NVIDIA GeForce RTX 3060,4.0,1.0,32.65
