timestamp,model,provider,provider_used,trial_id,session_create_ms,first_call_ms,stabilization_iters,inference_mean_ms,inference_std_ms,inference_iters,status,provider_mismatch,actual_providers,notes,gpu_vendor,gpu_name,gpu_utilization_percent,gpu_memory_utilization_percent,gpu_power_draw_watts
2026-04-27T06:32:13.071603,alexnet_Opset16,dml,DmlExecutionProvider,1,2077.9284,2.7470,3,1.2567,0.2544,20,SUCCESS,False,"DmlExecutionProvider,CPUExecutionProvider",,NVIDIA,NVIDIA GeForce RTX 3060,4.0,1.0,32.95
2026-04-27T06:32:15.444392,alexnet_Opset16,dml,DmlExecutionProvider,2,324.9954,2.7177,3,1.2790,0.2276,20,SUCCESS,False,"DmlExecutionProvider,CPUExecutionProvider",,NVIDIA,NVIDIA GeForce RTX 3060,4.0,1.0,32.88
2026-04-27T06:32:17.778849,alexnet_Opset16,dml,DmlExecutionProvider,3,292.8384,2.8889,3,1.2870,0.2015,20,SUCCESS,False,"DmlExecutionProvider,CPUExecutionProvider",,NVIDIA,NVIDIA GeForce RTX 3060,4.0,1.0,32.9
2026-04-27T06:32:20.101414,alexnet_Opset16,dml,DmlExecutionProvider,4,273.6484,2.5748,3,1.2196,0.2001,20,SUCCESS,False,"DmlExecutionProvider,CPUExecutionProvider",,NVIDIA,NVIDIA GeForce RTX 3060,4.0,1.0,33.09
2026-04-27T06:32:22.415513,alexnet_Opset16,dml,DmlExecutionProvider,5,271.9031,3.0594,3,1.2230,0.1735,20,SUCCESS,False,"DmlExecutionProvider,CPUExecutionProvider",,NVIDIA,NVIDIA GeForce RTX 3060,4.0,1.0,32.88
2026-04-27T06:32:25.752290,mobilenetv3_large_100_Opset17,dml,DmlExecutionProvider,1,292.9842,2.8587,3,1.2871,0.2543,20,SUCCESS,False,"DmlExecutionProvider,CPUExecutionProvider",,NVIDIA,NVIDIA GeForce RTX 3060,4.0,1.0,33.01
2026-04-27T06:32:27.930876,mobilenetv3_large_100_Opset17,dml,DmlExecutionProvider,2,121.1253,4.3003,3,1.2339,0.2136,20,SUCCESS,False,"DmlExecutionProvider,CPUExecutionProvider",,NVIDIA,NVIDIA GeForce RTX 3060,4.0,1.0,32.78
2026-04-27T06:32:30.095158,mobilenetv3_large_100_Opset17,dml,DmlExecutionProvider,3,119.0813,2.8475,3,1.2585,0.1692,20,SUCCESS,False,"DmlExecutionProvider,CPUExecutionProvider",,NVIDIA,NVIDIA GeForce RTX 3060,4.0,1.0,32.98
2026-04-27T06:32:32.261513,mobilenetv3_large_100_Opset17,dml,DmlExecutionProvider,4,117.5206,3.1340,3,1.2198,0.2157,20,SUCCESS,False,"DmlExecutionProvider,CPUExecutionProvider",,NVIDIA,NVIDIA GeForce RTX 3060,4.0,1.0,32.72
2026-04-27T06:32:34.433405,mobilenetv3_large_100_Opset17,dml,DmlExecutionProvider,5,126.4989,3.3805,3,1.2512,0.1637,20,SUCCESS,False,"DmlExecutionProvider,CPUExecutionProvider",,NVIDIA,NVIDIA GeForce RTX 3060,4.0,1.0,32.9
2026-04-27T06:32:38.240080,resnet50-v2,dml,DmlExecutionProvider,1,691.8226,48.1944,3,4.1115,0.3151,20,SUCCESS,False,"DmlExecutionProvider,CPUExecutionProvider",,NVIDIA,NVIDIA GeForce RTX 3060,4.0,2.0,33.03
2026-04-27T06:32:40.625337,resnet50-v2,dml,DmlExecutionProvider,2,236.8094,33.5699,3,4.2885,0.3834,20,SUCCESS,False,"DmlExecutionProvider,CPUExecutionProvider",,NVIDIA,NVIDIA GeForce RTX 3060,4.0,1.0,32.88
2026-04-27T06:32:42.994050,resnet50-v2,dml,DmlExecutionProvider,3,223.6562,30.5596,3,4.2601,0.3700,20,SUCCESS,False,"DmlExecutionProvider,CPUExecutionProvider",,NVIDIA,NVIDIA GeForce RTX 3060,3.0,1.0,40.01
2026-04-27T06:32:45.356988,resnet50-v2,dml,DmlExecutionProvider,4,235.8194,29.9064,3,4.1234,0.2740,20,SUCCESS,False,"DmlExecutionProvider,CPUExecutionProvider",,NVIDIA,NVIDIA GeForce RTX 3060,5.0,1.0,37.73
2026-04-27T06:32:47.694103,resnet50-v2,dml,DmlExecutionProvider,5,225.2678,30.3060,3,4.2816,0.4537,20,SUCCESS,False,"DmlExecutionProvider,CPUExecutionProvider",,NVIDIA,NVIDIA GeForce RTX 3060,3.0,1.0,35.07
2026-04-27T06:32:52.120108,adv_inception_v3_Opset17,dml,DmlExecutionProvider,1,1326.4979,6.5450,3,4.0084,0.3260,20,SUCCESS,False,"DmlExecutionProvider,CPUExecutionProvider",,NVIDIA,NVIDIA GeForce RTX 3060,4.0,1.0,32.83
2026-04-27T06:32:54.504966,adv_inception_v3_Opset17,dml,DmlExecutionProvider,2,289.3732,6.6244,3,4.0791,0.3245,20,SUCCESS,False,"DmlExecutionProvider,CPUExecutionProvider",,NVIDIA,NVIDIA GeForce RTX 3060,4.0,1.0,40.86
2026-04-27T06:32:56.889806,adv_inception_v3_Opset17,dml,DmlExecutionProvider,3,284.3372,6.7361,3,4.0798,0.3435,20,SUCCESS,False,"DmlExecutionProvider,CPUExecutionProvider",,NVIDIA,NVIDIA GeForce RTX 3060,3.0,1.0,40.11
2026-04-27T06:32:59.306026,adv_inception_v3_Opset17,dml,DmlExecutionProvider,4,295.3933,6.0607,3,4.0718,0.3344,20,SUCCESS,False,"DmlExecutionProvider,CPUExecutionProvider",,NVIDIA,NVIDIA GeForce RTX 3060,4.0,1.0,32.68
2026-04-27T06:33:01.724379,adv_inception_v3_Opset17,dml,DmlExecutionProvider,5,299.9070,6.4485,3,4.0748,0.3119,20,SUCCESS,False,"DmlExecutionProvider,CPUExecutionProvider",,NVIDIA,NVIDIA GeForce RTX 3060,4.0,1.0,33.23
2026-04-27T06:33:05.701049,efficientnet_b5_Opset17,dml,DmlExecutionProvider,1,861.2120,22.9763,3,16.3211,0.6998,20,SUCCESS,False,"DmlExecutionProvider,CPUExecutionProvider",,NVIDIA,NVIDIA GeForce RTX 3060,4.0,1.0,34.33
2026-04-27T06:33:08.181293,efficientnet_b5_Opset17,dml,DmlExecutionProvider,2,363.4337,22.7974,3,15.9410,0.5864,20,SUCCESS,False,"DmlExecutionProvider,CPUExecutionProvider",,NVIDIA,NVIDIA GeForce RTX 3060,3.0,1.0,41.84
2026-04-27T06:33:10.684929,efficientnet_b5_Opset17,dml,DmlExecutionProvider,3,388.7371,22.0912,3,16.2817,0.6923,20,SUCCESS,False,"DmlExecutionProvider,CPUExecutionProvider",,NVIDIA,NVIDIA GeForce RTX 3060,3.0,1.0,41.97
2026-04-27T06:33:13.098912,efficientnet_b5_Opset17,dml,DmlExecutionProvider,4,346.0222,22.2061,3,16.0079,0.5811,20,SUCCESS,False,"DmlExecutionProvider,CPUExecutionProvider",,NVIDIA,NVIDIA GeForce RTX 3060,3.0,1.0,41.94
2026-04-27T06:33:15.567633,efficientnet_b5_Opset17,dml,DmlExecutionProvider,5,360.7977,22.0378,3,15.9990,0.6562,20,SUCCESS,False,"DmlExecutionProvider,CPUExecutionProvider",,NVIDIA,NVIDIA GeForce RTX 3060,3.0,1.0,41.92
2026-04-27T06:33:30.214741,vit_large_patch16_224_in21k_Opset18,dml,DmlExecutionProvider,1,11504.3017,33.3107,3,27.1741,0.5896,20,SUCCESS,False,"DmlExecutionProvider,CPUExecutionProvider",,NVIDIA,NVIDIA GeForce RTX 3060,4.0,1.0,36.43
2026-04-27T06:33:40.759334,vit_large_patch16_224_in21k_Opset18,dml,DmlExecutionProvider,2,8431.6462,31.3459,3,27.3135,0.5598,20,SUCCESS,False,"DmlExecutionProvider,CPUExecutionProvider",,NVIDIA,NVIDIA GeForce RTX 3060,4.0,1.0,33.75
2026-04-27T06:33:51.166142,vit_large_patch16_224_in21k_Opset18,dml,DmlExecutionProvider,3,8300.8964,31.5274,3,26.9240,0.6467,20,SUCCESS,False,"DmlExecutionProvider,CPUExecutionProvider",,NVIDIA,NVIDIA GeForce RTX 3060,4.0,1.0,33.47
2026-04-27T06:34:02.400422,vit_large_patch16_224_in21k_Opset18,dml,DmlExecutionProvider,4,9120.8357,33.4132,3,26.6502,0.3947,20,SUCCESS,False,"DmlExecutionProvider,CPUExecutionProvider",,NVIDIA,NVIDIA GeForce RTX 3060,11.0,2.0,32.72
2026-04-27T06:34:12.893702,vit_large_patch16_224_in21k_Opset18,dml,DmlExecutionProvider,5,8372.7647,30.8788,3,26.6205,0.3539,20,SUCCESS,False,"DmlExecutionProvider,CPUExecutionProvider",,NVIDIA,NVIDIA GeForce RTX 3060,4.0,1.0,32.84
2026-04-27T06:34:17.505195,yolov2-coco-9,dml,DmlExecutionProvider,1,1506.9295,10.9731,3,5.6281,0.3458,20,SUCCESS,False,"DmlExecutionProvider,CPUExecutionProvider",,NVIDIA,NVIDIA GeForce RTX 3060,4.0,1.0,32.87
2026-04-27T06:34:19.998870,yolov2-coco-9,dml,DmlExecutionProvider,2,383.4839,10.0017,3,5.5874,0.3582,20,SUCCESS,False,"DmlExecutionProvider,CPUExecutionProvider",,NVIDIA,NVIDIA GeForce RTX 3060,3.0,1.0,39.69
2026-04-27T06:34:22.503511,yolov2-coco-9,dml,DmlExecutionProvider,3,402.5905,9.5947,3,5.6526,0.3476,20,SUCCESS,False,"DmlExecutionProvider,CPUExecutionProvider",,NVIDIA,NVIDIA GeForce RTX 3060,4.0,1.0,39.01
2026-04-27T06:34:25.017466,yolov2-coco-9,dml,DmlExecutionProvider,4,375.3110,9.8928,3,5.5168,0.3869,20,SUCCESS,False,"DmlExecutionProvider,CPUExecutionProvider",,NVIDIA,NVIDIA GeForce RTX 3060,3.0,1.0,39.84
2026-04-27T06:34:27.507882,yolov2-coco-9,dml,DmlExecutionProvider,5,419.1344,9.8934,3,5.6243,0.3435,20,SUCCESS,False,"DmlExecutionProvider,CPUExecutionProvider",,NVIDIA,NVIDIA GeForce RTX 3060,3.0,1.0,39.04
2026-04-27T06:34:30.930600,deeplabv3p-resnet50-human,dml,DmlExecutionProvider,1,300.7537,74.3619,3,18.0313,0.4959,20,SUCCESS,False,"DmlExecutionProvider,CPUExecutionProvider",,NVIDIA,NVIDIA GeForce RTX 3060,4.0,1.0,32.99
2026-04-27T06:34:33.158163,deeplabv3p-resnet50-human,dml,DmlExecutionProvider,2,94.2034,56.1190,3,18.0198,0.3128,20,SUCCESS,False,"DmlExecutionProvider,CPUExecutionProvider",,NVIDIA,NVIDIA GeForce RTX 3060,3.0,1.0,42.39
2026-04-27T06:34:35.386730,deeplabv3p-resnet50-human,dml,DmlExecutionProvider,3,98.6085,56.4313,3,18.0963,0.4825,20,SUCCESS,False,"DmlExecutionProvider,CPUExecutionProvider",,NVIDIA,NVIDIA GeForce RTX 3060,4.0,1.0,42.45
2026-04-27T06:34:37.615139,deeplabv3p-resnet50-human,dml,DmlExecutionProvider,4,97.6477,55.4009,3,18.5813,0.5536,20,SUCCESS,False,"DmlExecutionProvider,CPUExecutionProvider",,NVIDIA,NVIDIA GeForce RTX 3060,3.0,1.0,42.4
2026-04-27T06:34:39.845847,deeplabv3p-resnet50-human,dml,DmlExecutionProvider,5,92.3699,55.3238,3,18.4554,0.7061,20,SUCCESS,False,"DmlExecutionProvider,CPUExecutionProvider",,NVIDIA,NVIDIA GeForce RTX 3060,3.0,1.0,42.49
2026-04-27T06:34:44.273295,mobilebert_Opset18,dml,DmlExecutionProvider,1,1348.6566,8.7183,3,7.2455,0.3350,20,SUCCESS,False,"DmlExecutionProvider,CPUExecutionProvider",,NVIDIA,NVIDIA GeForce RTX 3060,4.0,1.0,32.94
2026-04-27T06:34:46.968775,mobilebert_Opset18,dml,DmlExecutionProvider,2,597.7879,9.4153,3,7.0038,0.4815,20,SUCCESS,False,"DmlExecutionProvider,CPUExecutionProvider",,NVIDIA,NVIDIA GeForce RTX 3060,3.0,1.0,38.2
2026-04-27T06:34:49.663125,mobilebert_Opset18,dml,DmlExecutionProvider,3,594.2677,9.0504,3,7.2876,0.3347,20,SUCCESS,False,"DmlExecutionProvider,CPUExecutionProvider",,NVIDIA,NVIDIA GeForce RTX 3060,4.0,1.0,38.96
2026-04-27T06:34:52.337210,mobilebert_Opset18,dml,DmlExecutionProvider,4,607.4026,9.4814,3,7.0101,0.4779,20,SUCCESS,False,"DmlExecutionProvider,CPUExecutionProvider",,NVIDIA,NVIDIA GeForce RTX 3060,3.0,1.0,37.19
2026-04-27T06:34:55.035315,mobilebert_Opset18,dml,DmlExecutionProvider,5,626.1884,9.2706,3,7.3165,0.3247,20,SUCCESS,False,"DmlExecutionProvider,CPUExecutionProvider",,NVIDIA,NVIDIA GeForce RTX 3060,3.0,1.0,38.12
2026-04-27T06:35:02.362709,bert_Opset17,dml,DmlExecutionProvider,1,4252.3788,8.3882,3,6.1191,0.4600,20,SUCCESS,False,"DmlExecutionProvider,CPUExecutionProvider",,NVIDIA,NVIDIA GeForce RTX 3060,4.0,1.0,32.89
2026-04-27T06:35:05.021707,bert_Opset17,dml,DmlExecutionProvider,2,553.9729,8.3465,3,6.0309,0.4381,20,SUCCESS,False,"DmlExecutionProvider,CPUExecutionProvider",,NVIDIA,NVIDIA GeForce RTX 3060,3.0,1.0,38.07
2026-04-27T06:35:07.909431,bert_Opset17,dml,DmlExecutionProvider,3,777.1885,7.9429,3,6.4148,0.3390,20,SUCCESS,False,"DmlExecutionProvider,CPUExecutionProvider",,NVIDIA,NVIDIA GeForce RTX 3060,4.0,1.0,36.35
2026-04-27T06:35:10.772956,bert_Opset17,dml,DmlExecutionProvider,4,748.8879,8.2913,3,6.2716,0.3941,20,SUCCESS,False,"DmlExecutionProvider,CPUExecutionProvider",,NVIDIA,NVIDIA GeForce RTX 3060,4.0,1.0,35.83
2026-04-27T06:35:13.673667,bert_Opset17,dml,DmlExecutionProvider,5,789.2252,8.9608,3,6.3602,0.3294,20,SUCCESS,False,"DmlExecutionProvider,CPUExecutionProvider",,NVIDIA,NVIDIA GeForce RTX 3060,4.0,1.0,37.17
2026-04-27T06:35:20.387902,gpt2lmhead_Opset18,dml,DmlExecutionProvider,1,3588.3090,23.5633,3,13.6976,0.3590,20,SUCCESS,False,"DmlExecutionProvider,CPUExecutionProvider",,NVIDIA,NVIDIA GeForce RTX 3060,5.0,1.0,32.8
2026-04-27T06:35:25.028716,gpt2lmhead_Opset18,dml,DmlExecutionProvider,2,2514.8084,21.8992,3,13.6143,0.2601,20,SUCCESS,False,"DmlExecutionProvider,CPUExecutionProvider",,NVIDIA,NVIDIA GeForce RTX 3060,4.0,1.0,33.04
2026-04-27T06:35:29.503291,gpt2lmhead_Opset18,dml,DmlExecutionProvider,3,2339.5321,23.7711,3,13.8726,0.3971,20,SUCCESS,False,"DmlExecutionProvider,CPUExecutionProvider",,NVIDIA,NVIDIA GeForce RTX 3060,4.0,1.0,32.93
2026-04-27T06:35:33.612824,gpt2lmhead_Opset18,dml,DmlExecutionProvider,4,1967.7724,22.3892,3,13.7243,0.4897,20,SUCCESS,False,"DmlExecutionProvider,CPUExecutionProvider",,NVIDIA,NVIDIA GeForce RTX 3060,4.0,1.0,33.15
2026-04-27T06:35:37.633041,gpt2lmhead_Opset18,dml,DmlExecutionProvider,5,1882.9459,21.6439,3,13.6427,0.2750,20,SUCCESS,False,"DmlExecutionProvider,CPUExecutionProvider",,NVIDIA,NVIDIA GeForce RTX 3060,4.0,1.0,33.05
